location_id,location_name,location_type,location_place,quest_id
1,Bloed Carn,Руины,Неизвестно,
2,Tedd Deireadh,Хитроумная конструкция,Другой мир,582
3,Tor Gvalch'ca,Башня,Северо-западная оконечность Ундвика,3
4,«Зал воинов»,Корчма,Деревня Ларвик,501
5,«Змея и Рубин»,ТавернаВинодельня,Верхний город,
6,«Книги и свитки»,Книжная лавка,Рынок на площади Иерарха,605
7,«Колокола Боклера»,Бордель,Порт Боклера,
8,«Лис-Хитролис»,Таверна,Боклер,87
9,«Рыхлый Трюфель»,Таверна,Северные королевства,
10,«Фазанерия»,Таверна,Боклер Туссент,
11,Аллея висельников,Дорога,К западу от Больших Сучьев,169
12,Алтарь Вейопатиса,Статуя,Леса Флотзама,567
13,Альдерсберг,Город,Неизвестно,
14,Амфитеатр Лок Муинне,Развалины амфитеатра,Неизвестно,
15,Ан Скеллиг,Остров,К северо-востоку от Ард Скеллига и Спикероога,
16,Ардварк,Гора,Ан Скеллиг,62
17,Арена (Ведьмак 2),Арена,Темерия,
18,Арена Ублюдка Младшего,Арена для боев,Обрезки,443
19,Армуш,Горы,Недалеко от Яруги,
20,Аукционный дом Братьев Борсоди,Здание,Север Оксенфурта,560
21,Бабий Дол,Посёлок,К юго-востоку от Грани Бороса,
22,Багряная роща,Роща,Неизвестно,
23,База охотников за колдуньями,Казармы,Доки в Новиграде,592
24,База Саламандр,Хитроумная конструкция,Неизвестно,
25,Банк Вивальди,Банк,Площадь Иерарха,122
26,Банк Чианфанелли,Банк,Верхний город Боклер,282
27,Бастион,Форт,Долина Каэр Морхен,13
28,Бастой,Руины,Склоны Горгоны к западу от озера Селяви,56
29,Башка тролля,Гора,К северу от Каэр Морхена,502
30,Башня мага,Башня,Левый берег Вызимы,613
31,Башня палача,Башня,Старая Вызима,31
32,Безопасный приют (Храмовый квартал),Хитроумная конструкция,Неизвестно,
33,Бельгаард,Винодельня,К юго-востоку от Боклера,88
34,Берег Озера,Хитроумная конструкция,Неизвестно,
35,Берег погибших кораблей,Побережье,Запад Велена,593
36,Биндюга,Деревня,Неизвестно,
37,Блокпост Ордена,Пост,Храмовый квартал,307
38,Боклерский дворец,Дворец,Боклер Туссент,
39,Большая топь,Область,Юг Велена,
40,Бондарь,Город,Неизвестно,
41,Бордель «Горячие бёдра»,Хитроумная конструкция,Неизвестно,
42,Бордель Флотзама,Бордель,Неизвестно,
43,Бочарные ворота,Ворота,Верхний город,
44,Бочарня на склонах,Поселение,Склоны Горгоны к западу от тюрьмы Бастой,
45,Брошенная лесопилка,Лесопилка,Ард Скеллиг,181
46,Быстрое перемещение,Хитроумная конструкция,Неизвестно,
47,Вдовий грот,Пещера,К северо-западу от Урстена,178
48,Велен,Провинция,Северо-запад Темерии,
49,Верген,Город,Долина Понтара,
50,Верментино,Усадьба,Долина Сансретура к востоку от Кастель Ровелло,
51,Верхний город,Район города,Боклер,
52,Верхняя мельница,Мельница,К востоку от Броновиц,224
53,Вершины-близнецы,Гора,Угольшток,
54,Ветряная мельница Дульсинеи,Мельница,Долина Сансретура к северу от «Куролиска»,26
55,Вилла Ведетте,Заброшенная усадьба,Долина Ведетте к востоку от дворца Галлион,55
56,Вилла Ла Валеттов,Вилла,Золотой город,601
57,Вилла Орианы,Поместье,Боклер,146
58,Винный рынок,Рынок,Сан-Себастьян Боклер,
59,Виноградник Ортенз,Винодельня,К югу от Боклера,
60,Винокурня,Пещера,Градова гора,636
61,Водный мир,Хитроумная конструкция,Другой мир,582
62,Военная академия им. Маркуса Брайбанта,Учебное заведение,Нильфгаард,
63,Волчье урочище,Святилище,К северу от Врониц,149
64,Вороний Яр,Каменоломня,Неизвестно,
65,Ворота в Купеческий квартал,Ворота,Храмовый квартал,
66,Ворота в Старую Вызиму,Ворота,Дамба Вызимы,
67,Ворота иерархов,Ворота,Юг Новиграда,
68,Ворота мельника,Ворота,Неизвестно,427
69,Ворота славы,Ворота,Юг Новиграда,
70,Врата Восходящего Солнца,Ворота,Верхний город Боклер,
71,Врата Махакама,Врата,Верген,439
72,Врата Металлургов,Ворота,Верген,
73,Временная кузница,Кузница,Неизвестно,166
74,Вроницы (регион),Область,Северо-запад Велена,
75,Вызима,Столица,Озеро Вызима,
76,Вызима (озеро),Озеро,Вокруг города,
77,Вызимское кладбище,Кладбище,Неизвестно,
78,Высокий мост,Город,К юго-востоку от Грани Бороса,
79,Гавань,Хитроумная конструкция,Неизвестно,
80,Гиндар,Роща,Хиндарсфьялл,20
81,Главная деревня,Деревня,Неизвестно,427
82,Главный рынок Боклера,Площадь,Верхний город Боклер,
83,Глиняные ямы (локация),Глиняный карьер,Южнее деревни кирпичников,129
84,Глубины Давора,Карьер,Северо-восточнее Золотого стока,
85,Гнездо чудовища,Хитроумная конструкция,Неизвестно,
86,Гнилая Роща,Район города,Квартал красных фонарей Новиград,330
87,Категория:Города из игр,Хитроумная конструкция,Неизвестно,
88,Городское кладбище,Кладбище,Сиротки Боклер,87
89,Горький сад,Опустевшее селение,К юго-западу от Луковца,
90,Госпиталь Вильмериуса,Госпиталь,Обрезки Новиград,586
91,Гостиный дом,Офицерский клуб,Рядом с лагерем Группы армий Центр,
92,Градобор,Город,К западу от Ривии,98
93,Градова гора,Гора,Ард Скеллиг,636
94,Грань Бороса,Город руины,Запад Махакамского перевала,
95,Гробница Ворона,Гробница,Неизвестно,166
96,Гробница Святого Григория,Хитроумная конструкция,Неизвестно,
97,Гробница семьи Броссардов,Кладбище,Неизвестно,
98,Грот (Ард Скеллиг),Пещера,Ард Скеллиг,138
99,Грот (Велен),Пещера,Восток Велена,63
100,Грот Альбертуса,Пещера,Склоны Горгоны,38
101,Грот драконобойца,Пещера,К северо-западу от Кривоуховых топей,59
102,Грядки с травой в лесу,ЛесОпустевшее селение,Долина Сансретура к юго-востоку от Коронаты,91
103,Грязищи,Область,Север Велена,
104,Дамба Вызимы,Дамба,Вызима,19
105,Двор празднолюбцев,Разрушенная усадьба,К югу от Врониц,438
106,Дворец выборщиков,Площадь,Храмовый остров,
107,Дворец Пробуждения,Дворец,Тир на Лиа,582
108,Дворцовые сады,Сады,Западный берег Сид Ллигад,26
109,Ддиддвет,Другой мир,Неизвестно,582
110,Деревня Альнесс,Деревня,Золотые поля,151
111,Деревня Аретт,Деревня,Застенье,545
112,Деревня Аринбьорн,Деревня,Ард Скеллиг,211
113,Деревня Бландаре,Деревня,Ард Скеллиг,213
114,Деревня Боксхольм,Деревня,Ард Скеллиг,217
115,Деревня Большие Сучья,Деревня,К западу от Врониц,153
116,Деревня Броновицы,Деревня,К северо-востоку от имения фон Эвереков,242
117,Деревня Вересковка,Деревня,Северо-запад Велена,422
118,Деревня Глинник,Деревня,К югу от Врониц,
119,Деревня Гольмштейн,Деревня,Ард Скеллиг,446
120,Деревня Дички,Деревня,К югу от храма Мелитэле,135
121,Деревня Доброво,Деревня,К югу от Врониц,248
122,Деревня Залипье,Деревня,К востоку от Врониц,116
123,Деревня Карстен,Деревня,Неизвестно,414
124,Деревня Квальхейм,ДеревняЛагерь бандитов,Ард Скеллиг,
125,Деревня кирпичников,Хитроумная конструкция,Неизвестно,
126,Деревня Клыки,Разрушенная деревня,Запад Велена,
127,Деревня Ларвик,Деревня,Хиндарсфьялл,20
128,Деревня Лофотен,Деревня,Хиндарсфьялл,20
129,Деревня Лурхен,ДеревняОпустевшее селение,Хиндарсфьялл,
130,Деревня Лямки,Деревня,Юго-восточнее деревни Рудник,589
131,Деревня Мышинец,Деревня,Восточнее деревни Сворки,251
132,Деревня Подлесье,Деревня,К юго-западу от Врониц,201
133,Деревня Раннвейг,Деревня,Ард Скеллиг,217
134,Деревня Рогни,Деревня,Ард Скеллиг,514
135,Деревня Рудник,Деревня,Северный берег Моречка,120
136,Деревня Сворки,Деревня,К востоку от Залипья,237
137,Деревня Сворлаг,Деревня,Спикероог,252
138,Деревня Стёжки,Деревня,К западу от Коломницы,220
139,Деревня Стахировка,ДеревняОпустевшее селение,Драконья долина,408
140,Деревня Сунд,Деревня,Ард Скеллиг,
141,Деревня Тодерас,Деревня,Восток Велена,
142,Деревня Троттхейм,Деревня,Фареры,
143,Деревня Урскар,Разрушенная деревня,Ундвик,94
144,Деревня Урстен,Деревня,Неизвестно,178
145,Деревня Ферлунд,Деревня,Ард Скеллиг,566
146,Деревня Фирсдаль,Деревня,Ард Скеллиг,196
147,Деревня Фловив,Деревня,Пойма Сансретура к востоку от Боклера,
148,Деревня Форнхала,Заброшенная деревня,Рука Снежного Великана,
149,Деревня Франколар,Деревня,Леса Кароберты к юго-востоку от Боклера,539
150,Деревня Харвикен,Деревня,Фаро,174
151,Деревня Хеддель,ДеревняОпустевшее селение,К юго-востоку от имения фон Эвереков,
152,Деревня Хов,Деревня,Спикероог,368
153,Деревня Черминь,ДеревняОпустевшее селение,К югу от деревни Стёжки,
154,Деревня Штейгеры,Деревня,Севернее Кривоуховых топей,665
155,Деревня Эрде,Деревня,Драконья долина Редания,18
156,Деревня Яворник,Деревня,К югу от Дерева висельников,435
157,Деревня Янтра,Деревня,К северо-востоку от Новиграда,333
158,Дерево висельников,Дерево,К северу от Яворника,435
159,Дерево странников,Дерево,Юг Аэдирна,
160,Дикий берег,Побережье,Ард Скеллиг,
161,Длинный мост,Мост,Карбон,
162,Доки в Новиграде,Порт,Юго-запад Новиграда,376
163,Дол Ду Локке,Долина,Неизвестно,
164,Долина Ведетте,Долина,Север Туссента,553
165,Долина Девяти,Долина,Пойма Сансретура,458
166,Долина Каэр Морхен,Долина,Каэдвен,
167,Долина Понтара,Долина,Между реками Понтар и Дыфня,
168,Долина Сансретура,Долина,К северу от Боклера,92
169,Долина Черного Потока,Долина,К северу от Глубин Давора,
170,Дом Абигайл,Хитроумная конструкция,Неизвестно,
171,Дом Адама,Дом,Темноводье,
172,Дом ведьмака,Дом,Неизвестно,
173,Дом Вепря,Святилище,Велен,237
174,Дом Голана Вивальди,Хитроумная конструкция,Неизвестно,
175,Дом детектива,Дом,Храмовый квартал,8
176,Дом Калькштейна,Хитроумная конструкция,Неизвестно,
177,Дом Королевы Ночи,Бордель,Купеческий квартал,572
178,Дом Косаря,Дом,Храмовый квартал,283
179,Дом кузнеца,Дом,Темноводье,166
180,Дом Маркграфа Хенкеля,Дом,Новиград,592
181,Дом Могилы,Дом,Храмовый квартал,489
182,Дом Одо,Хитроумная конструкция,Неизвестно,
183,Дом Преподобного,Дом,Неизвестно,310
184,Дом Сальмы,Дом,Квартал красных фонарей,210
185,Дом Сары,Дом,К югу от Площади Иерарха,599
186,Дом Селины,Дом,Темноводье,394
187,Дом Сесиля Бурдона,Дом,Верген,331
188,Дом Талера,Дом,Храмовый квартал,28
189,Дом Таулера,Дом,Золотой город,545
190,Дом Трисс,Дом,Площадь Иерарха,330
191,Дом Трисс в Обрезках,Дом,Обрезки,104
192,Дом Трисс Меригольд,Дом,Купеческий квартал,256
193,Дом Ублюдка Младшего,Дом,Храмовый остров,443
194,Дом Цезаря Бильзена,Дом,Площадь Иерарха,436
195,Дом Шани,Дом,Храмовый квартал,380
196,Дорога на Клык Ингвара,Горная дорога,Ан Скеллиг,
197,Дорога на Лысую гору,ДорогаПристань,Юго-восток Велена,359
198,Дорога сладостей,Дорога,Кривоуховы топи,648
199,Дравоград,Город,К северо-западу от Лирии,135
200,Драконья долина,Долина,К северо-востоку от Оксенфурта,
201,Древняя гробница (Ведьмак 3),Пещера,Ард Скеллиг,597
202,Дуб Гединейт,Священное дерево,Северо-восток Ард Скеллига,667
203,Душные Ямы,Пещера,Долина Ведетте к юго-востоку от руин дворца Галлион,55
204,Дуэн Хен,Святилище,Юго-восток Велена,234
205,Дьяволова яма,Лагерь бандитов,Близ Дерева висельников,
206,Железный рудник,Шахта,Долина Каэр Морхен,80
207,Жилище Ольшана,Дом,Неизвестно,
208,Жилище Филиппы Эйльхарт,Жилище чародейки,Верген,
209,Журавлиный мыс,Жилище чародейки,Лок Муинне,457
210,Журавлиный остров,Мыс,К северу от Новиграда,521
211,Заброшенная бочарня,Остров,Пойма Сансретура,85
212,Заброшенная винокурня,Бочарня,Леса Кароберты,184
213,Заброшенные хижины (Предместья),Винокурня,Пустоши,
214,Заброшенный склад,Дома,Неизвестно,90
215,Заброшенный храм пророка Лебеды,Склад,Леса Кароберты к востоку от Тесхам Мутна,56
216,Загадочный мир,Святилище,Долина Сансретура,
217,Задар,Хитроумная конструкция,Другой мир,135
218,Залив ветров,Город,К западу от Лирии к югу от Орлиного Ручья,
219,Залив Сирени,Залив,Ан Скеллиг,
220,Замок Арнскрон,Залив,Великое море,617
221,Замок Вроницы,Руины,Трупная чаща,
222,Замок Драхим,Замок,Темерский берег Понтара,191
223,Замок Зютцер,Разрушенный замок,К югу от Новиграда,550
224,Замок Ла Валетт,Руины,К востоку от имения фон Эвереков,
225,Замок Монкран,Замок,Неизвестно,553
226,Замок Ривия,Руины замка,К северо-востоку от каменоломни Ардаизо,
227,Замок Трех Отцов,Замок,Ривия Лирия и Ривия,
228,Замок Тузлы,Замковый комплекс,Южная часть Вергена,50
229,Западные ворота,Замок,Юго-восток Ангрена на границе с Ийсгитом,
230,Застенное кладбище,Ворота,Оксенфурт,458
231,Застенье,Кладбище,Сиротки у южных стен Боклера,601
232,Золотой город,Район города,Юг Новиграда,601
233,Золотой сток,Район города,Северо-восток Новиграда,
234,Золотые поля,Город,Неизвестно,
235,Ивица,Регион,К востоку от Новиграда,
236,Игла Улулы,Деревня,Неизвестно,
237,Игорный притон,Остров,Близ южного берега Спикероога,
238,Изысканный салон,Таверна,Купеческий квартал,381
239,Ийсгит,Цирюльня,Сиротки Боклер,
240,Имение Мартина Листа,Область,Ангрен Яруга,
241,Имение Ронневиль,Усадьба,Золотые поля,
242,Ингдален,УсадьбаОпустевшее селение,Виноградник Ортенз,501
243,Категория:Иные миры,Остров,К северу от Хиндарсфьялла,
244,Казино Ублюдка Младшего,Хитроумная конструкция,Неизвестно,443
245,Каменный круг,Игорный притон,Обрезки,
246,Каменоломня Ардаизо,Круг,Ард Скеллиг,184
247,Каменоломня Старые Хрычи,Каменоломня,Пустоши к юго-западу от Монкрана,
248,Канализация Вызимы,Каменоломня,Велен,
249,Канализация Новиграда,Канализация,Неизвестно,49
250,Каналы Оксенфурта,Канализация,Под улицами города,443
251,Каналы под Лок Муинне,Канализация,Оксенфурт,
252,Канатчиковые ворота,Канализация,Лок Муинне,
253,Караулка,Хитроумная конструкция,Неизвестно,
254,Карбон,Казарма,Купеческий квартал,
255,Кастель Ровелло,Гора и город,Восток Махакама,
256,Кастельдаччия,Усадьба,Долина Сансретура к западу от Верментино,
257,Катакомбы Старой Усадьбы,Усадьба,Пустоши к востоку от Фловива,
258,Каштановый берег,Хитроумная конструкция,Неизвестно,
259,Каэдвенский лагерь,Пристань,Долина Сансретура,
260,Каэр Альмхульд,Лагерь,Окрестности Вергена,77
261,Каэр Гелен,Остров-крепостьТюрьма (ранее),К западу от Эльдберга,75
262,Каэр Ду,Руины крепости,К востоку от Лагеря горняков,71
263,Каэр Морхен,Руины крепости,Долина под Форнхалой,
264,Каэр Мюр,Крепость,Долина Каэр Морхен,664
265,Каэр Ниссен,Крепость,Север Синих Гор,217
266,Каэр Трольде,Крепость,Ард Скеллиг,
267,Квартал красных фонарей,Руины,Ард Скеллиг,330
268,Квартал Нелюдей,Крепость,Скеллиге Ард Скеллиг,
269,Квартал нелюдей (Флотзам),Улица,Путь Славы,246
270,Килкеринн,Район,Храмовый квартал,250
271,Кладбище Белого Сада,Жилой квартал,Флотзам,60
272,Кладбище големов,Руины,К северу от Трупной чащи,
273,Кладбище китов,Кладбище,К северу от деревни,549
274,Кладбище на болотах,Хитроумная конструкция,Неизвестно,
275,Кладбище у Лофотена,Побережье,Ард Скеллиг,
276,Кладбище у Монкрана,Хитроумная конструкция,Неизвестно,
277,Клык Ингвара,Кладбище,Хиндарсфьялл к югу от Лофотена,
278,Кобылий островок,Кладбище,Пустоши к западу от Монкрана,
279,Коломница,Вершина,Гора Ардварк,382
280,Корво Бьянко,Поселение,К востоку от Грани Бороса,
281,Королевский замок в Вызиме,Остров,Озеро Моречко,173
282,Королевский квартал,Усадьба,Долина Сансретура Туссент,9
283,Короната,Замок,Королевский квартал Вызима,
284,Корчма «Алхимия»,Замок,Королевский квартал,
285,Корчма «Алый кардинал»,Замок,Темерия,
286,Корчма «Гусиная гузка»,Район города,Север Вызимы,
287,Корчма «Зимородок»,Усадьба,Долина Сансретура Туссент,202
288,Корчма «Куролиск»,Корчма,Оксенфурт,
289,Корчма «На распутье»,Корчма,Деревня Франколар,26
290,Корчма «Нигде»,Таверна,К югу от Новиграда,
291,Корчма «Новый порт»,Корчма,Новиград Площадь Иерарха,545
292,Корчма «Под бочкой и шпунтом»,Корчма,Пойма Сансретура к юго-западу от Дун Тынне,324
293,Корчма «Под Серебряной Саламандрой»,Корчма,К северу от Врониц,
294,Корчма «Семь котов»,Корчма,Обрезки,553
295,Корчма «Старый порт»,Таверна,Порт у Каэр Трольде,639
296,Котий хребет,Корчма,Деревня Фловив,
297,Кралобаг,Корчма,Долина Ведетте на берегу Сансретура,499
298,Краснолюдские катакомбы,Таверна,Предместья Новиграда,
299,Крематорий,Таверна,Ундвик,571
300,Крепость Гервина,Холм,Склоны Горгоны,
301,Крепость Торгейра Красного,Город,Неизвестно,
302,Кривой Рог,Захоронение,Окрестности Вергена,62
303,Кривоуховы топи,Крематорий,К востоку от Оксенфуртских ворот,456
304,Кривоуховы холмы,Крепость,Неизвестно,648
305,Кридам,Руины,Гора Ардварк,59
306,Круг Стихий,Деревня,Юго-запад Синявой Пущи,
307,Кузница Трентина,Болотистая местность,Юго-восток Велена,
308,Кузня клана Тордаррох,Холмы,К северу от Кривоуховых топей,87
309,Купеческая фактория,Поселение,К западу от Лирии,369
310,Купеческие ворота,Хитроумная конструкция,Неизвестно,539
311,Купеческий квартал,Лавка,Боклер,427
312,Кьераг,Кузница,Ундвик,
313,Кэдва Гэнвид,Лагерь,Долина Сансретура на границе с Долиной Ведетте,206
314,Лаборатория ведьмаков,Ворота,Неизвестно,
315,Лаборатория Венцеля Пагга,Хитроумная конструкция,Неизвестно,
316,Лаборатория Даэрхенны,Скалы,Ард Скеллиг,227
317,Лаборатория Калькштейна,Кладбище,Северо-запад Синявой Пущи,620
318,Лаборатория Ордена,Хитроумная конструкция,Неизвестно,362
319,Лавка купца (Золотой город),Пещера,Окрестности Флотзама,550
320,Лавка Эйвара Хаттори,КатакомбыЛаборатория,Каналы под Лок Муинне,612
321,Лагерь армии Фольтеста,Лаборатория,Старая Вызима,376
322,Лагерь бандитов,Пещера,Драконья долина,
323,Лагерь беженцев,Лавка,Новиград,
324,Лагерь горняков,Дом-мастерская,Путь Славы,
325,Лагерь группы армий "Восток",Армейский лагерь,Неизвестно,213
326,Лагерь Гудмунда,Лагерь,К юго-востоку от Врониц,
327,Лагерь друидов,Опустевшее селениеЛагерь,К западу от Подлесья,
328,Лагерь каннибалов,Лагерь,Ард Скеллиг,
329,Лагерь наемников,Лагерь,Неизвестно,
330,Лагерь нелюдей,Лагерь,Неизвестно,193
331,Лагерь Нильфгаарда,Лагерь,Ард Скеллиг,
332,Лагерь нильфгаардской армии "Центр",Лагерь,Ничейная земля,127
333,Лагерь Ордена Пылающей Розы,Лагерь,К востоку от Оксенфурта,635
334,Лагерь Роше,Хитроумная конструкция,Неизвестно,
335,Лагерь Сабрины,Лагерь,Неизвестно,
336,Ледяная Пустошь,Лагерь армии,Юг Велена,
337,Лес Блессюр,Лагерь,Неизвестно,
338,Лес Лок Муинне,Лагерь,Под стенами Каэдвенского лагеря,
339,Лес Марцесент,Лагерь,Неизвестно,354
340,Лес на болотах,Хитроумная конструкция,Неизвестно,205
341,Леса Кароберты,Лес,Пустоши у южного берега Блессюры,
342,Леса Флотзама,Лес,Окрестности Лок Муинне,442
343,Лесная Воля,Лес,Пойма Сансретура,
344,Лесопилка (Ард Скеллиг),Болота,Западный берег озера,
345,Лесопилка (Белый Сад),Лес,Юг Туссента,
346,Лесопилка Риу-Канн,Лес,Неизвестно,
347,Лечебница Св. Лебеды,Деревня,Северо-восток Синявой Пущи,
348,Липовое поле,ЛесопилкаОпустевшее селение,Ард Скеллиг,
349,Лирийские Равнины,ЛесопилкаОпустевшее селение,К западу от деревни,88
350,Логово гарпий,Лесопилка,Склоны Горгоны,135
351,Логово Кейрана,Хитроумная конструкция,Неизвестно,
352,Логово оборотня,ПолеОпустевшее селение,Леса Кароберты,277
353,Логово риггера,Местность,Лирия,
354,Логово троллихи,Хитроумная конструкция,Окрестности Вергена,
355,Логово тролля,Логово монстра,Леса Флотзама,127
356,Лок Муинне,Хитроумная конструкция,Неизвестно,127
357,Лок Феаинн,Хитроумная конструкция,Вызима Канализация Вызимы,
358,Категория:Локации (Ведьмак 2),Хитроумная конструкция,Окрестности Вергена,
359,Категория:Локации (Ведьмак 3),Хитроумная конструкция,Окрестности Вергена,
360,Категория:Локации (Ведьмак),Город,Синие Горы,
361,Категория:Локации (Гвинт),Озеро,Неизвестно,
362,Категория:Локации (Кровная вражда),Хитроумная конструкция,Неизвестно,
363,Луковец,Хитроумная конструкция,Неизвестно,
364,Лысая гора,Хитроумная конструкция,Неизвестно,550
365,Лысая гора (регион),Хитроумная конструкция,Неизвестно,359
366,Магазин игрушек «Конь-огонь»,Хитроумная конструкция,Неизвестно,
367,Малёбон,Заброшенная деревня,К северо-западу от Усадьбы Гарин,356
368,Малинник,Гора,Юг Велена,98
369,Мануфактура,Область,Юго-восток Велена,394
370,Мариборские ворота,Здание,Порт Боклера,
371,Мастерская Балтимора,Крепость,К юго-востоку от Ивицы,
372,Мастерская Лазаря Лафарга,Область,Поля,331
373,Маяк (Новиград),Хитроумная конструкция,Неизвестно,
374,Маяк Элверум,Хитроумная конструкция,Неизвестно,562
375,Маяк Эльдберг,Заброшенная мастерская,Верген,
376,Медицинская практика Шани,Оружейная мастерская,Верхний город Боклер,211
377,Мельница (Белый Сад),Хитроумная конструкция,За стенами Новиграда,242
378,Мельница графа де ла Круа,Маяк,Ард Скеллиг,25
379,Мельница Люсьена,Маяк,Остров Игольный к северу от деревни Аринбьорн,
380,Мельничная Излучина,Лечебница,Оксенфурт,
381,Мельничное озеро,Мельница,К югу от кладбища,135
382,Мер-Лашез,Мельница,Пойма Сансретура к северо-востоку от Боклера,
383,Место казни Сабрины,Мельница,Южнее Застенья,442
384,Место Силы,Деревня,К западу от Орлиного Ручья,526
385,Метиннские ворота,Озеро,К северо-востоку от имения фон Эвереков,
386,Мир Гюнтера о'Дима,Кладбище,Север Сумрачного бора к востоку от Боклера,
387,Монкран,Место казни,Неизвестно,
388,Моречко,Хитроумная конструкция,Неизвестно,
389,Морскоген,Ворота,Верхний город Боклер,382
390,Мост в Каэр Трольде,Неизвестно,Другой мир,636
391,Мост мародёров,Нагорье,Пустоши,324
392,Мост плакальщицы,Озеро,Южная часть Велена,
393,Мост Плегмунда,Лес,Ард Скеллиг,84
394,Мост св. Григора,Мост,Ард Скеллиг,
395,Мост Смешки,Мост,Севернее деревни Сворки,544
396,Мрозы,Мост,К западу от деревни,
397,Набережная марлинов,Мост,К северо-востоку от Боклера,
398,Нава,Мост,Север Новиграда,94
399,Нарисованный мир,Мост,К востоку от деревни,
400,Небольшая ферма,Деревня,Неизвестно,239
401,Незаметная поляна,Побережье,Ундвик,394
402,Нива,Остров,К югу от Ундвика,459
403,Нижняя мельница,Хитроумная конструкция,Другой мир,
404,Нильфгаардский гарнизон (Белый Сад),Ферма,Поля,242
405,Нильфгаардский квартал,Поляна,Склоны Горгоны Холмы рододендронов,573
406,Новиград,Регион/Остров,Остров к югу от Новиграда,127
407,Новиградская пуща,Мельница,К югу от Броновиц,
408,Новиградские бани,Лагерь,К северо-западу от деревни,202
409,Новиградские ворота,Квартал,Лок Муинне,443
410,Новиградский морг,Вольный город,Неизвестно,
411,Новый Могильник,Лес,К югу от Новиграда,586
412,Ночлежка,Бани,Неизвестно,69
413,Обитель Ордена Пылающей Розы,Ворота,Оксенфурт,653
414,Обманки (деревня),Морг,Золотой город,79
415,Обоз,Мертвая деревня,Юг Велена,
416,Обрезки,Ночлежка,Сан-Себастьян Боклер,
417,Овечий пруд,Обитель,Храмовый квартал,601
418,Овраг Гнуса,Хитроумная конструкция,Неизвестно,
419,Одинокая башня,Небольшой лагерь,Неизвестно,
420,Одинокая скала,Район города,Восток Новиграда,
421,Одинокая скала (Кровная вражда),Пруд,Пустоши,59
422,Одинокая хата,Овраг,Неизвестно,
423,Одинокая хижина,Хитроумная конструкция,Неизвестно,
424,Окрестности старой усадьбы,Остров/крепость,К северу от Охотничьих земель гарпий,
425,Оксенфурт,Хитроумная конструкция,Неизвестно,79
426,Оксенфуртская Академия,ДомОпустевшее селение,Хиндарсфьялл,
427,Оксенфуртские ворота,Хитроумная конструкция,Неизвестно,342
428,Оксенфуртский морг,Местность,Неизвестно,
429,Оксенфуртский порт,Город,К юго-востоку от Новиграда,209
430,Оливковая площадь,Университет,Оксенфурт,640
431,Оливковая роща,Ворота,Восток Новиграда,396
432,Орлиный Ручей,Морг,Оксенфурт,
433,Оружейная Ордена,Порт,Оксенфурт,
434,Особняк Ублюдка Младшего,Площадь,Верхний город Боклер,657
435,Остов «Летучего оленя»,Роща,Дун Тынне к северо-востоку от замка,443
436,Остров виверны,Деревня,К западу от Храма Мелитэле,61
437,Остров Туманов,Оружейная,Храмовый квартал,
438,Отмель,Особняк,Оксенфурт,441
439,Оток,Разбившийся корабль,Неизвестно,
440,Офис княжеского камерленьо,Остров,Северо-восточнее башни мага,
441,Охотничий домик Трастамары,Остров,Великое море,553
442,Охотничьи земли гарпий,Хитроумная конструкция,Неизвестно,442
443,Павлиний Склон,Деревня,Неизвестно,
444,Палец Хеймдалля,Учреждение,Площадь Спящих Рыцарей Боклер,
445,Палисад,Имение,Леса Кароберты к северо-востоку от Тесхам Мутна,178
446,Паромная станция,Скалистая местность,К северу от Покинутой башни,228
447,Пасека Майерсдорфов,Холм,Склоны Горгоны,
448,Пассифлора,Остров,К востоку от Редгилля,204
449,Патрикова Поляна,Частокол,Ард Скеллиг,
450,Пепелище (Велен),Гавань,К юго-востоку от поселения каменщиков,428
451,Передвижной цирк,Пасека,В востоку от Новиграда,199
452,Переправа Питтапатте,Бордель,Новиград Золотой город,150
453,Переправа через реку,Лагерь,Долина Сансретура,152
454,Переулок Рыцарей Наживы,Развалины,Восточнее Врониц,573
455,Петра Зилле,Цирк,Золотые поля к северу от Карстена,146
456,Пещера (Лес на болотах),Переправа,Долина Сансретура к северу от Дун Тынне,378
457,Пещера (Новиград),Переправа,К востоку от деревни,
458,Пещера беженцев,Переулок,Верхний город Боклер,74
459,Пещера Гротника,Корабль,Логово Кейрана,140
460,Пещера друидов,Хитроумная конструкция,Неизвестно,197
461,Пещера Лебеды,Пещера,К востоку от Новиграда,
462,Пещера Мелюзины,Пещера,Неизвестно,56
463,Пещера первых испытаний,Пещера,Склоны Горгоны Павлиний Склон,215
464,Пещера под стенами,Хитроумная конструкция,Неизвестно,66
465,Пещера под Храмовым островом,Пещера,Леса Кароберты,
466,Пещера Снов,Пещера,Спикероог,61
467,Пещера Шепота,Пещера,К северу от Бастиона,460
468,Пещера Юстианны,Хитроумная конструкция,Неизвестно,30
469,Пещеры Рокестанг,Эльфийские руины,Храмовый остров,
470,Площадь Генрика III Толстого,Пещера,Ард Скеллиг,553
471,Площадь Лебеды,Пещера,Склоны Горгоны к югу от Кастель Ровелло,349
472,Площадь Рундурина,Эльфийские руины,Ард Скеллиг,381
473,Площадь Спящих Рыцарей,Пещера,Склоны Горгоны,
474,Площадь Эпоны,Площадь,Верхний город Боклер,
475,Площадь Яна Наталиса,Площадь,Сиротки Боклер,
476,Побережье Пали-Гап,Площадь,У Махакамских врат Вергена,
477,Подворье Караянов,Площадь,Верхний город Боклер,155
478,Подземелья замка Ла Валетт (локация),Площадь,Боклер,609
479,Пойма Сансретура,Площадь,Купеческий квартал,483
480,Покинутая башня,Остров,Запад Скеллиге,
481,Покинутая деревня (Белый Сад),Имение,Склоны Горгоны к северо-западу от Селяви,261
482,Покинутая деревня (Ундвик),КатакомбыТемница,Неизвестно,203
483,Поле битвы,Регион,К востоку от Боклера,
484,Поле Чертополоха,Заброшенная башня,Северо-запад Велена,526
485,Полевой госпиталь (Ведьмак),Заброшенная деревня,К югу от деревни,
486,Полевой штаб Ордена,Разрушенная деревня,Северо-запад Ундвика,479
487,Поля,Поле сражения,Неизвестно,448
488,Поля пшеницы,Деревня,Неизвестно,37
489,Поляна лесорубов,Госпиталь,Неизвестно,
490,Поместье Вегельбудов,Штаб,Старая Вызима,649
491,Поместье графа Колдуэлла,Местность,К юго-западу от деревни,104
492,Поместье Дорен Альма,Поле,К востоку от Новиграда,135
493,Поместье лорда Клейтона,Лагерь,Южнее рощи друидов,548
494,Поместье Реардон,Поместье,К востоку от Новиграда,135
495,Порт Боклера,Поместье,К северу от Чертовой Башни,
496,Порт Гольмштейна,Поместье,Леса Кароберты,
497,Порт у Каэр Трольде,Поместье,К западу от Растбурга,
498,Портняжная мастерская,Заброшенное поместье,К северу от Штейгер,324
499,Портовые ворота (Новиград),Порт,Восток Боклера,146
500,Портовые ворота (Туссент),Порт,Ард Скеллиг,
501,Поселение каменщиков,Порт,Ард Скеллиг,
502,Поселок лесорубов,Мастерская,Верхний город Боклер,506
503,Поселок Редгилль,Ворота,Юг Новиграда,
504,Последний бастион,Ворота,Сан-Себастьян Боклер,178
505,Посольство Нильфгаарда,Деревня,Северо-восток Велена,59
506,Пост Княжеской гвардии,Таверна,Неизвестно,197
507,Походный лагерь Мэвы,Деревня,Ард Скеллиг,92
508,Предместья,Хитроумная конструкция,К востоку от приграничного поста,
509,Представительство казначейства княжества Туссент,Посольство,Верхний город Боклер,
510,Приграничный пост,Сторожевой пост,Сан-Себастьян Боклер,91
511,Пристань (Велен),Военный лагерь,Неизвестно,642
512,Пристань (Лес на болотах),Деревня,Неизвестно,
513,Пристань Арронакаса,Правительственное учреждение,Долина Сансретура на восточной стороне Моста Плегмунда,
514,Пристань Влюбленных,Застава,Север Велена,26
515,Пристань Водница,Пристань,Восток Велена,26
516,Пристань Всполох,Хитроумная конструкция,Неизвестно,
517,Пристань Уриалла,Пристань,Сид Ллигад,418
518,Пристань Фраенте,Пристань,Сид Ллигад,14
519,Приют на Кривоуховых топях,ПристаньОпустевшее селение,К югу от корчмы «На распутье»,
520,Приют Орианы,ПристаньОпустевшее селение,К югу от Дьяволовой ямы,
521,Приют чаек,Деревня,Ан Скеллиг,235
522,Пролом в стене,ПристаньОпустевшее селение,Пустоши,
523,Пустоши,Приют для детей,Кривоуховы топи,
524,Пустынь Пинастри,Приют,К северу от Боклера,
525,Путь Славы,Полуостров,Ундвик,
526,Пышущий обрыв,Ворота,Неизвестно,592
527,Развалины Белой кузни,Регион,К востоку от Дун Тынне,
528,Развалины корчмы,Поселение,Дун Тынне южный берег Блессюры,
529,Развалины моста,Район города,Юг Новиграда,565
530,Развалины Темноводья,Область,Запад Велена,16
531,Развилка дорог (Ард Скеллиг),Развалины,Севернее Глубины Давора,
532,Развилка дорог (Велен),Развалины,Ард Скеллиг,
533,Развилка у Дун Тынне,Разрушенный мост,Леса Флотзама,
534,Разводной мост,Развалины,Неизвестно,
535,Разоренная деревня (Старая Усадьба),Распутье,Ард Скеллиг,
536,Разрушенная библиотека,Распутье,Юго-восток Велена,
537,Разрушенная мельница,Перекресток,Дун Тынне к северо-востоку от замка,466
538,Разрушенная усадьба Аэрамаса,Мост,Леса Кароберты,
539,Разрушенный бастион,Хитроумная конструкция,Неизвестно,
540,Разрушенный мост,Библиотека,Лок Муинне,
541,Распутье,Хитроумная конструкция,Неизвестно,410
542,Растбург,Разрушенная усадьба,К востоку от Оксенфурта,
543,Ратуша Вызимы,Хитроумная конструкция,Юго-восток Велена,
544,Реданский квартал,Мост,Темноводье,
545,Резиденция вар Аттре,Распутье,К востоку от Белого Сада,253
546,Резиденция Лоредо,Замок,К западу от Лирии,601
547,Резиденция Эвереков,Хитроумная конструкция,Неизвестно,
548,Росберг,Лагерь,Лок Муинне,
549,Роща Гединейт,Резиденция,Золотой город,
550,Роща друидов,Комендатура,Флотзам,
551,Роща Олены,Заброшенная усадьба,Драконья долина к северу от Оксенфурта,
552,Руины дворца Галлион,Крепость,Неизвестно,
553,Руины дворца Термес,Лес,Ард Скеллиг,553
554,Руины Дорве,Хитроумная конструкция,Неизвестно,53
555,Руины замка Амавет,Роща,Юг Велена,94
556,Руины крепости Астре,Руины,Долина Ведетте,
557,Руины купальни,Руины,К северо-востоку от Охотничьего домика Трастамары,92
558,Руины рыцарской башни,Разрушенная деревня,Ундвик,551
559,Руины святилища богини Данамеби,Руины замкаЛагерь бандитов,Белый Сад,
560,Руины сторожевой башни,Развалины,Склоны Горгоны к северо-западу от Селяви,616
561,Руины форта Уссар,Эльфские руины,Леса Флотзама,58
562,Руины эльфского храма,Разрушенная башня,Кривоуховы топи,54
563,Рука Снежного Великана,Руины,Пустоши север леса Блессюр,
564,Ручей Нитка,Развалины башни,К северу от Каэр Морхена,
565,Рыбацкий посёлок,Руины,К востоку от каменоломни Ардаизо,205
566,Рыбный рынок,Руины,Леса Кароберты,543
567,Рынок в Купеческом квартале,Горы,Ард Скеллиг,210
568,Рынок на площади Иерарха,Ручей,Пойма Сансретура Лес Марцесент,
569,Рысья скала,Деревня,Неизвестно,
570,Сан-Себастьян,Рынок,Центр Новиграда,428
571,Святилище Лебеды,Рынок,Купеческий квартал,
572,Святилище Лильвани,Рыночная площадь,Центр Новиграда,
573,Святилище Мидаэте,Скала,Склоны Горгоны,342
574,Священные ворота,Квартал города,Северо-восток Боклера,
575,Село Беньковое,Храм,Сиротки Боклер,
576,Село Морынь,Руины,Восток Велена,120
577,Селяви,Святилище,Леса Флотзама,357
578,Серебряный город,Ворота,Сиротки Боклер,
579,Серые скалы,Деревня,Восток Велена,
580,Серый грот,Село,Золотые поля,
581,Сигнальная башня,Озеро,Склоны Горгоны к северо-западу от Боклера,187
582,Сид Ллигад,Район города,Северо-запад Новиграда,58
583,Синее Око,Область,Северо-восток Велена,
584,Синеполье,Пещера,Леса Кароберты,56
585,Синявая Пуща,Развалины башни,Долина Каэр Морхен,456
586,Склад в трущобах,Озеро,Склоны Горгоны,456
587,Склад на Тихом берегу,Озеро,Пустоши к северо-востоку от хозяйства Базан,486
588,Склеп в полях,Деревня,К западу от Трогира,188
589,Склеп в Предместьях,Лес,К западу от Росберга,410
590,Склеп в Старой шахте,Склад,Храмовый квартал,
591,Склеп культа Львиноголового паука,Склад,Тихий берег,166
592,Склеп Ловкача,Гробница,Поля,
593,Склеп на берегу,Хитроумная конструкция,Неизвестно,
594,Склеп на кладбище,Склеп,Старая шахта,
595,Склеп стрыги,Склеп,Неизвестно,
596,Склоны Горгоны,Склеп,Канализация Вызимы,166
597,Сломанный мост,Хитроумная конструкция,Неизвестно,
598,Снидхалль,Хитроумная конструкция,Неизвестно,
599,Совиное урочище,Гробница,Неизвестно,280
600,Совиные гроты,Регион,К северо-востоку от Горгоны,
601,Сожжённая деревня (Белый Сад),Мост,К югу от деревни,205
602,Сожженная деревня (Ведьмак 2),Остров,К северу от Ард Скеллига,529
603,Сожженная лечебница,Холм,Золотые поля,555
604,Сорочье Взгорье,Пещеры,Пойма Сансретура Лес Марцесент,
605,Спикероог,Деревня,К востоку от Белого Сада,
606,Спуск,Руины,Неизвестно,
607,Старая башня,Лечебница,Леса Флотзама,
608,Старая Вызима,Хитроумная конструкция,Неизвестно,
609,Старая каменоломня,Остров,К западу от Ард Скеллига,
610,Старая мельница (Ведьмак),Область,Восток Велена,
611,Старая Просека,Башня,Неизвестно,
612,Старая сторожевая башня,Квартал,Неизвестно,
613,Старая часовня,Карьер,Неизвестно,
614,Старая шахта (Ведьмак),Мельница,Неизвестно,524
615,Стародавний дуб,Лагерь лесорубовОпустевшее селение,Склоны Горгоны к западу от Кастель Ровелло,166
616,Старое кладбище,Руины башни,Спикероог,665
617,Старые шахты,ЧасовняПроклятое место,Реданский берег Понтара к востоку от Броновиц,135
618,Старый амфитеатр,Пещера,Неизвестно,214
619,Старый дом Удальрика,Место поклонения,Велен - Ничейная земля,637
620,Старый Торг,Кладбище,К западу от Задара,252
621,Статуя Владычицы Озера,Шахта,К северу от Корчмы «На распутье»,
622,Статуя Гримдьяра,Руины,Левый берег Сид Ллигад,340
623,Статуя Пророка Лебеды,Заброшенный дом,Спикероог,584
624,Стопы великана,Хитроумная конструкция,Неизвестно,472
625,Сторожевая башня Викк,Статуя,Берег Озера,401
626,Сторожевая башня Кальвейта,Статуя,Ард Скеллиг,321
627,Сторожевой пост над Драконьей долиной,Статуя,Долина Сансретура северо-запад Туссента,
628,Сторожка охотника,Скалы,Ард Скеллиг,
629,Страна тысячи сказок,Руины,К юго-западу от деревни Эрде,
630,Сумрачный бор,ФортОпустевшее селение,Восток Велена,
631,Таверна (Аринбьорн),Разрушенная башня,Реданский берег Понтара к западу от поместья фон Эвереков,
632,Таверна «Вечный Огонь»,Хата,К северу от Новиграда,211
633,Таверна «Золотой осетр»,Иной мир иллюзия,Книга в детской комнате замка Боклера,547
634,Таверна «Котел»,Лес,К северу от деревни Франколар,
635,Таверна «Новый Наракорт»,Таверна,Деревня Аринбьорн,
636,Таверна «Под Кудлатым Мишкой»,Хитроумная конструкция,Неизвестно,
637,Таверна Белого Сада,Корчма,Новиградские Доки,
638,Таверна в Предместьях,Таверна,Верген,573
639,Таверна в Темноводье,Хитроумная конструкция,Неизвестно,300
640,Танцующая мельница,Хитроумная конструкция,Неизвестно,317
641,Театр Ирэн Ренар,Корчма,Деревня Белый Сад,
642,Темерский квартал,Таверна,Предместья,
643,Темная аллея,Таверна,Темноводье,633
644,Темноводье,Мельница,К востоку от Пасеки Майерсдорфов,
645,Тенгельстранд,Театр,К югу от Площади Иерарха,
646,Тесхам Мутна,Лагерь,Неизвестно,
647,Тихая Деревня,Рынок,Старая Вызима,442
648,Тихий берег,Деревня,Неизвестно,
649,Торговый лагерь Скоя’таэлей,Остров,К востоку от Ард Скеллига,188
650,Тракт Кимбольта,Руины,Леса Кароберты,122
651,Трактир «Песий хвост»,Хитроумная конструкция,Неизвестно,
652,Трактир Флотзама,Местность,Долина Сансретура,
653,Треснувший кувшин,Лагерь,Новиградская пуща,
654,Третогорские ворота,Дорога,Юго-восток Велена,
655,Трогир,Трактир,Лисьи Ямы,
656,Тролльский мост,Таверна,Флотзам,
657,Трупная чаща,Хитроумная конструкция,Неизвестно,
658,Туннель Основателей,Ворота,Новиград,18
659,Турнирные поля,Хитроумная конструкция,Неизвестно,569
660,Туссентская темница,Мост,К юго-востоку от Врониц,459
661,Туссентские алтари,Лес,К востоку от деревни Эрде,177
662,Туфо,Шахта,Неизвестно,
663,Тюремная барка,Поля,Долина Сансретура к северу от Боклера,205
664,Тюрьма Вергена,Тюрьма,Пойма Сансретура к востоку от Боклера,633
665,Тюрьма Вызимы,Алтари,Неизвестно,127
666,Тюрьма Дейра,Винодельня,Пойма Сансретура к северу от Фловива,81
667,У пройдохи лиса,Барка,Флотзам,81
668,Убежище Агнес из Гланвилля,Хитроумная конструкция,Верген,
669,Убежище Иорвета,Тюрьма,Храмовый квартал,166
670,Убежище похитителей,Тюрьма,Оксенфурт,
671,Убежище Радовида,Хитроумная конструкция,Неизвестно,256
672,Убежище Саламандр в закрытой зоне,Гробница,Пещера беженцев,226
673,Убежище Саламандр в Канализации,Пещера,Леса Флотзама,332
674,Убежище Саламандр в Предместьях,Убежище,Храмовый квартал,283
675,Убежище скоя'таэлей,Убежище,Купеческий квартал,
676,Убежище суккуба,Убежище,Купеческий квартал,
677,Убежище темерских партизан,Убежище,Канализация Вызимы,555
678,Убежище Убийц королей,Хитроумная конструкция,Неизвестно,435
679,Угодья Монахов,Хитроумная конструкция,Неизвестно,633
680,Уединённая хижина,Пещера-землянка,Сожженная деревня,
681,Укрытие Балтимора,Ущелье,К северо-востоку от Оксенфурта,153
682,Усадьба Гарин,Убежище,Неизвестно,331
683,Усадьба Мольдави,Деревня,К юго-западу от Кридама,457
684,Ущелье Монахов,Хитроумная конструкция,К западу от Покинутой башни,195
685,Ущелья,Тайная комната,Окрестности Вергена,
686,Фамильный склеп фон Эвереков,Усадьба,Реданский берег Понтара к западу от Броновиц,
687,Фареры,Усадьба,К востоку от Новиграда,
688,Ферма Вильдервертов,Ущелье,Неизвестно,
689,Флотзам,Ущелье,Неизвестно,
690,Форт Белого Орла,Склеп,Юго-восточная часть поместья фон Эвереков,
691,Форт Гримдьяр,Остров,К юго-востоку от Ард Скеллига,157
692,Хата в лесу,Ферма,Неизвестно,549
693,Хата Дядьки Почастника,Город,Темерия,
694,Хата лодочных мастеров,Укрепления,Южный берег Понтара напротив Оксенфурта,
695,Хата на окраине,Руины форта,К юго-западу от Фирсдаля Ард Скеллиг,
696,Хата над обрывом,Дом,К северо-западу от Подлесья,511
697,Хата у озера,Хижина,Драконья долина,
698,Хен Гайдт,Опустевшее селение,Велен - Ничейная земля,502
699,Хижина бандитов,Дом,В востоку от Новиграда,370
700,Хижина Васки,Заброшенный дом,Окрестности Каэдвенского лагеря,16
701,Хижина Вдохновенного,Хата,Долина Каэр Морхен,129
702,Хижина дровосеков,Пещера,Южный берег Сид Ллигад,
703,Хижина знахарки,Хижина,Леса Флотзама,202
704,Хижина Кейры Мец,Хижина,Деревня кирпичников,410
705,Хижина Короля-Рыбака,Дом,Неизвестно,444
706,Хижина отшельника,Хижина,Новиградская пуща,
707,Хижина травника,Дом,Темноводье,
708,Хижина травника (Склоны Горгоны),Хата,К северо-востоку от Подлесья,
709,Хижина Эльтона,Хижина,Берег Озера,89
710,Хиндарсфьялл,Хитроумная конструкция,Неизвестно,377
711,Хозяйство Базан,Дом,К востоку от Оксенфурта,
712,Хозяйство Геленсеров,Хата,Склоны Горгоны,
713,Холмы Буковины,Бревенчатый дом,Окрестности Вергена дорога к Каменоломне,
714,Холмы Дун Тынне,Остров,К востоку от Ард Скеллига,
715,Холмы рододендронов,ХуторОпустевшее селение,Пустоши северный берег Овечьего пруда,189
716,Храм Вечного Огня,Ферма,К юго-востоку от Боклера,459
717,Храм Дагона,Местность,К востоку от Новиграда,
718,Храм Мелитэле (Лирия),Холмы,К юго-востоку от Дун Тынне,340
719,Храм Фрейи,Холм,Склоны Горгоны,135
720,Храмовый квартал,Храм,Храмовый остров,43
721,Храмовый остров,Храм,Отмель,
722,Хромоножка Катарина,ХрамМонастырь,К востоку от Орлиного ручья,443
723,Хутор "Золотой колос",Храм,Хиндарсфьялл,118
724,Часовня в Предместьях,Район,Вызима,
725,Часовня Вечного Огня,Район городаОстров,Север Новиграда,631
726,Черная академия,Бордель,Путь Славы,
727,Черная Впадина,Хутор,К северу от Оксенфурта,
728,Чертова Башня,Часовня,Неизвестно,56
729,Чертовы Ворота,Часовня,Предместья Новиграда,
730,Четыре Лика Хеймдалля,Хитроумная конструкция,Каналы под Лок Муинне,553
731,Четыре мельницы,ПещераСвятилище,Левый берег Сид Ллигад,
732,Шалфей и Розмарин,Замок,Неизвестно,
733,Шатер Сабрины,Горный перевал,Пустоши,
734,Шато Саррасин,Алтарь,Фареры,100
735,Шато Фрэш,Мельницы,Долина Сансретура,
736,Шахматный клуб,Кабаре,Путь Славы Новиград,
737,Шахта Вергена,Шатер,Долина Каэр Морхен,443
738,Шахта у Каэр Морхена,Винодельня,К северу от Новиграда,
739,Школа Марабеллы,Винокурня,К востоку от Новиграда,
740,Штаб командования,Шахматный клуб,Оксенфурт,601
741,Штаб Тесака,Шахта,Неизвестно,
742,Эйла Тар,Хитроумная конструкция,Неизвестно,11
743,Эльфийская пещера,Школа,Площадь Бедняков,378
744,Эльфийские руины (Ведьмак),Сооружение,Походный лагерь Мэвы,
745,Эст Тайяр,Сооружение,Походный лагерь Мэвы,672
746,Этнир,Сооружение,Походный лагерь Мэвы,640
747,Ювелирная мастерская Шуттенбаха,Штаб бандитов,К западу от Рынка на площади Иерарха,62
748,Южная пещера Предместий,Корабль,Ущелья,
749,Южные ворота,Пещера,Неизвестно,427
750,Явина,Руины,Восточная часть вызимских каналов,
751,Ядоватый вылом,Эльфские руины,К северо-востоку от Оксенфурта,135
752,Ядовитые скалы,Руины,Север Ард Скеллига,517
753,Биндюга (строение 2),Ювелирная мастерская,Золотой город,539
754,Золотые поля (строение 2),Пещера,Неизвестно,
755,Дом Голана Вивальди (строение 2),Ворота,Юго-восток Новиграда,
756,Коломница (строение 2),Река,К западу от столицы ЛирииАэдирн (?),
757,Багряная роща (строение 2),Пещера,К юго-востоку от Сторожки охотника,382
758,Корчма «Гусиная гузка» (строение 2),Холмы,Север Долины Сансретура,
759,Глиняные ямы (локация) (строение 2),Деревня,Неизвестно,202
760,Дом Талера (строение 2),Регион,К востоку от Новиграда,129
761,Катакомбы Старой Усадьбы (строение 2),Хитроумная конструкция,Неизвестно,28
762,Категория:Города из игр (строение 2),Остров,Озеро Моречко,
763,Временная кузница (строение 2),Роща,Неизвестно,
764,Короната (строение 2),Таверна,К югу от Новиграда,166
765,Деревня Большие Сучья (строение 2),Глиняный карьер,Южнее деревни кирпичников,
766,Задар (строение 2),Дом,Храмовый квартал,153
767,«Рыхлый Трюфель» (строение 2),Хитроумная конструкция,Неизвестно,135
768,Канализация Новиграда (строение 2),Хитроумная конструкция,Неизвестно,
769,Кладбище на болотах (строение 2),Кузница,Неизвестно,49
770,Дом Могилы (строение 2),Усадьба,Долина Сансретура Туссент,
771,Вершины-близнецы (строение 2),Деревня,К западу от Врониц,489
772,Казино Ублюдка Младшего (строение 2),Город,К западу от Лирии к югу от Орлиного Ручья,
773,Кладбище у Монкрана (строение 2),Таверна,Северные королевства,443
774,Городское кладбище (строение 2),Канализация,Под улицами города,
775,Дамба Вызимы (строение 2),Хитроумная конструкция,Неизвестно,87
776,Башня мага (строение 2),Дом,Храмовый квартал,19
777,Замок Зютцер (строение 2),Гора,Угольшток,613
778,Древняя гробница (Ведьмак 3) (строение 2),Игорный притон,Обрезки,550
779,Грот драконобойца (строение 2),Кладбище,Пустоши к западу от Монкрана,597
780,Деревня Сворлаг (строение 2),Кладбище,Сиротки Боклер,59
781,Деревня Ферлунд (строение 2),Дамба,Вызима,252
782,Крематорий (строение 2),Башня,Левый берег Вызимы,566
783,Грань Бороса (строение 2),Руины,К востоку от имения фон Эвереков,
784,Градова гора (строение 2),Пещера,Ард Скеллиг,
785,Деревня Рудник (строение 2),Пещера,К северо-западу от Кривоуховых топей,636
786,Башня мага (строение 2),Деревня,Спикероог,120
787,Канализация Вызимы (строение 2),Деревня,Ард Скеллиг,613
788,Ивица (строение 2),Крематорий,К востоку от Оксенфуртских ворот,
789,Деревня Раннвейг (строение 2),Город руины,Запад Махакамского перевала,
790,Глубины Давора (строение 2),Гора,Ард Скеллиг,217
791,Заброшенная винокурня (строение 2),Деревня,Северный берег Моречка,
792,Жилище Ольшана (строение 2),Башня,Левый берег Вызимы,184
793,Деревня Мышинец (строение 2),Канализация,Неизвестно,
794,Кралобаг (строение 2),Деревня,Неизвестно,251
795,Килкеринн (строение 2),Деревня,Ард Скеллиг,
796,Бордель Флотзама (строение 2),Карьер,Северо-восточнее Золотого стока,250
797,Каэдвенский лагерь (строение 2),Винокурня,Пустоши,
798,Корчма «Старый порт» (строение 2),Дом,Неизвестно,
799,Деревня Альнесс (строение 2),Деревня,Восточнее деревни Сворки,
800,Корчма «Гусиная гузка» (строение 2),Город,Неизвестно,151
801,Замок Вроницы (строение 2),Руины,К северу от Трупной чащи,202
802,«Фазанерия» (строение 2),Бордель,Неизвестно,
803,Дуэн Хен (строение 2),Лагерь,Окрестности Вергена,
804,Волчье урочище (строение 2),Таверна,Ундвик,234
805,Дерево висельников (строение 2),Деревня,Золотые поля,149
806,Изысканный салон (строение 2),Таверна,К югу от Новиграда,435
807,Деревня Эрде (строение 2),Замок,Темерский берег Понтара,381
808,Госпиталь Вильмериуса (строение 2),Таверна,Боклер Туссент,18
809,Дорога на Лысую гору (строение 2),Святилище,Юго-восток Велена,586
810,Главный рынок Боклера (строение 2),Святилище,К северу от Врониц,359
811,Деревня Доброво (строение 2),Дерево,К северу от Яворника,
812,Канализация Новиграда (строение 2),Цирюльня,Сиротки Боклер,248
813,Деревня Залипье (строение 2),Деревня,Драконья долина Редания,49
814,Застенное кладбище (строение 2),Госпиталь,Обрезки Новиград,116
815,Изысканный салон (строение 2),ДорогаПристань,Юго-восток Велена,458
816,Вроницы (регион) (строение 2),Площадь,Верхний город Боклер,381
817,Дерево странников (строение 2),Деревня,К югу от Врониц,
818,Глубины Давора (строение 2),Канализация,Под улицами города,
819,Золотой сток (строение 2),Деревня,К востоку от Врониц,
820,Берег погибших кораблей (строение 2),Кладбище,Сиротки у южных стен Боклера,
821,Дом Сары (строение 2),Цирюльня,Сиротки Боклер,593
822,Вызима (строение 2),Область,Северо-запад Велена,599
823,Заброшенная бочарня (строение 2),Дерево,Юг Аэдирна,
824,Заброшенный склад (строение 2),Карьер,Северо-восточнее Золотого стока,85
825,Дом Сесиля Бурдона (строение 2),Город,Неизвестно,90
826,Квартал нелюдей (Флотзам) (строение 2),Побережье,Запад Велена,331
827,Дуэн Хен (строение 2),Дом,К югу от Площади Иерарха,246
828,Высокий мост (строение 2),Столица,Озеро Вызима,234
829,Врата Восходящего Солнца (строение 2),Бочарня,Леса Кароберты,
830,Деревня Подлесье (строение 2),Склад,Леса Кароберты к востоку от Тесхам Мутна,
831,Tor Gvalch'ca (строение 2),Дом,Верген,201
832,Берег погибших кораблей (строение 2),Жилой квартал,Флотзам,3
833,Дол Ду Локке (строение 2),Святилище,Юго-восток Велена,593
834,Верхний город (строение 2),Город,К юго-востоку от Грани Бороса,
835,Гнилая Роща (строение 2),Ворота,Верхний город Боклер,
836,Золотой сток (строение 2),Деревня,К юго-западу от Врониц,330
837,«Колокола Боклера» (строение 2),Башня,Северо-западная оконечность Ундвика,
838,Вроницы (регион) (строение 2),Побережье,Запад Велена,
839,Дуэн Хен (строение 2),Долина,Неизвестно,
840,Дом Адама (строение 2),Район города,Боклер,234
841,Каменоломня Ардаизо (строение 2),Район города,Квартал красных фонарей Новиград,
842,Драконья долина (строение 2),Город,Неизвестно,184
843,Госпиталь Вильмериуса (строение 2),Бордель,Порт Боклера,
844,Карбон (строение 2),Область,Северо-запад Велена,586
845,Деревня Фловив (строение 2),Святилище,Юго-восток Велена,
846,Каэр Мюр (строение 2),Дом,Темноводье,
847,Деревня Аринбьорн (строение 2),Каменоломня,Пустоши к юго-западу от Монкрана,664
848,Длинный мост (строение 2),Долина,К северо-востоку от Оксенфурта,211
849,Журавлиный остров (строение 2),Госпиталь,Обрезки Новиград,
850,Деревня Лурхен (строение 2),Гора и город,Восток Махакама,521
851,Игорный притон (строение 2),Деревня,Пойма Сансретура к востоку от Боклера,
852,Деревня Ларвик (строение 2),Крепость,Ард Скеллиг,
853,Загадочный мир (строение 2),Деревня,Ард Скеллиг,20
854,Изысканный салон (строение 2),Мост,Карбон,
855,Дикий берег (строение 2),Остров,Пойма Сансретура,381
856,Золотой сток (строение 2),ДеревняОпустевшее селение,Хиндарсфьялл,
857,Грот (Велен) (строение 2),Таверна,Купеческий квартал,
858,Длинный мост (строение 2),Деревня,Хиндарсфьялл,63
859,Ддиддвет (строение 2),Хитроумная конструкция,Другой мир,
860,Каменоломня Старые Хрычи (строение 2),Цирюльня,Сиротки Боклер,582
861,Замок Трех Отцов (строение 2),Побережье,Ард Скеллиг,
862,Душные Ямы (строение 2),Город,Неизвестно,
863,Замок Монкран (строение 2),Пещера,Восток Велена,55
864,Деревня Аретт (строение 2),Мост,Карбон,553
865,Каналы под Лок Муинне (строение 2),Другой мир,Неизвестно,545
866,Деревня Ферлунд (строение 2),Каменоломня,Велен,
867,Вызима (озеро) (строение 2),Замковый комплекс,Южная часть Вергена,566
868,Корчма «Под бочкой и шпунтом» (строение 2),Пещера,Долина Ведетте к юго-востоку от руин дворца Галлион,
869,Деревня Большие Сучья (строение 2),Руины замка,К северо-востоку от каменоломни Ардаизо,
870,Кладбище у Лофотена (строение 2),Деревня,Застенье,153
871,Деревня Броновицы (строение 2),Канализация,Лок Муинне,
872,Быстрое перемещение (строение 2),Деревня,Ард Скеллиг,242
873,Деревня Большие Сучья (строение 2),Озеро,Вокруг города,
874,Каэр Ниссен (строение 2),Корчма,Деревня Фловив,153
875,Дворец Пробуждения (строение 2),Деревня,К западу от Врониц,217
876,Имение Мартина Листа (строение 2),Кладбище,Хиндарсфьялл к югу от Лофотена,582
877,Вызимское кладбище (строение 2),Деревня,К северо-востоку от имения фон Эвереков,
878,Дом Калькштейна (строение 2),Хитроумная конструкция,Неизвестно,
879,Корво Бьянко (строение 2),Деревня,К западу от Врониц,
880,Бочарня на склонах (строение 2),Руины,Ард Скеллиг,
881,Дом Одо (строение 2),Дворец,Тир на Лиа,
882,Башка тролля (строение 2),Усадьба,Золотые поля,
883,Верхняя мельница (строение 2),Кладбище,Неизвестно,502
884,Корчма «Гусиная гузка» (строение 2),Хитроумная конструкция,Неизвестно,224
885,Корчма «Под Серебряной Саламандрой» (строение 2),Усадьба,Долина Сансретура Туссент,202
886,Гиндар (строение 2),Поселение,Склоны Горгоны к западу от тюрьмы Бастой,553
887,Бочарня на склонах (строение 2),Хитроумная конструкция,Неизвестно,20
888,Каштановый берег (строение 2),Гора,К северу от Каэр Морхена,
889,Замок Ривия (строение 2),Мельница,К востоку от Броновиц,
890,Деревня Клыки (строение 2),Таверна,К югу от Новиграда,
891,Деревня Доброво (строение 2),Корчма,Долина Ведетте на берегу Сансретура,
892,Каэр Ду (строение 2),Роща,Хиндарсфьялл,248
893,Залив Сирени (строение 2),Поселение,Склоны Горгоны к западу от тюрьмы Бастой,71
894,Велен (строение 2),Пристань,Долина Сансретура,
895,Золотые поля (строение 2),Замок,Ривия Лирия и Ривия,
896,Бастион (строение 2),Разрушенная деревня,Запад Велена,
897,Градобор (строение 2),Деревня,К югу от Врониц,13
898,Градобор (строение 2),Руины крепости,Долина под Форнхалой,98
899,Блокпост Ордена (строение 2),Залив,Великое море,98
900,Карбон (строение 2),Провинция,Северо-запад Темерии,307
901,Грот (Велен) (строение 2),Регион,К востоку от Новиграда,
902,Дом Одо (строение 2),Форт,Долина Каэр Морхен,63
903,Дом ведьмака (строение 2),Город,К западу от Ривии,
904,Квартал нелюдей (Флотзам) (строение 2),Город,К западу от Ривии,
905,Каэр Гелен (строение 2),Пост,Храмовый квартал,246
906,Загадочный мир (строение 2),Гора и город,Восток Махакама,75
907,Квартал нелюдей (Флотзам) (строение 2),Пещера,Восток Велена,
908,Дом ведьмака (строение 2),Хитроумная конструкция,Неизвестно,246
909,Деревня Троттхейм (строение 2),Дом,Неизвестно,
910,Замок Ривия (строение 2),Жилой квартал,Флотзам,
911,Деревня Хов (строение 2),Руины крепости,К востоку от Лагеря горняков,
912,Залив Сирени (строение 2),Хитроумная конструкция,Другой мир,368
913,Каналы под Лок Муинне (строение 2),Жилой квартал,Флотзам,
914,Деревня Фловив (строение 2),Дом,Неизвестно,
915,Временная кузница (строение 2),Деревня,Фареры,
916,Караулка (строение 2),Замок,Ривия Лирия и Ривия,166
917,Винный рынок (строение 2),Деревня,Спикероог,
918,Каэр Ду (строение 2),Залив,Великое море,
919,Задар (строение 2),Канализация,Лок Муинне,71
920,База Саламандр (строение 2),Деревня,Пойма Сансретура к востоку от Боклера,135
921,Корво Бьянко (строение 2),Кузница,Неизвестно,
922,Вызима (озеро) (строение 2),Казарма,Купеческий квартал,
923,Грязищи (строение 2),Рынок,Сан-Себастьян Боклер,
924,Аукционный дом Братьев Борсоди (строение 2),Руины крепости,Долина под Форнхалой,
925,Деревня Мышинец (строение 2),Город,К западу от Лирии к югу от Орлиного Ручья,560
926,Банк Чианфанелли (строение 2),Хитроумная конструкция,Неизвестно,251
927,Залив Сирени (строение 2),Усадьба,Долина Сансретура Туссент,282
928,Банк Вивальди (строение 2),Озеро,Вокруг города,
929,Деревня Клыки (строение 2),Область,Север Велена,122
930,Короната (строение 2),Здание,Север Оксенфурта,
931,Имение Ронневиль (строение 2),Деревня,Восточнее деревни Сворки,
932,Дом Сары (строение 2),Банк,Верхний город Боклер,
933,Башня мага (строение 2),Залив,Великое море,599
934,Грань Бороса (строение 2),Банк,Площадь Иерарха,613
935,Дом Маркграфа Хенкеля (строение 2),Разрушенная деревня,Запад Велена,
936,Каэр Альмхульд (строение 2),Усадьба,Долина Сансретура Туссент,592
937,Каэр Ниссен (строение 2),УсадьбаОпустевшее селение,Виноградник Ортенз,77
938,Каналы Оксенфурта (строение 2),Дом,К югу от Площади Иерарха,217
939,Деревня Клыки (строение 2),Башня,Левый берег Вызимы,443
940,Главная деревня (строение 2),Город руины,Запад Махакамского перевала,
941,Ветряная мельница Дульсинеи (строение 2),Дом,Новиград,427
942,Большая топь (строение 2),Остров-крепостьТюрьма (ранее),К западу от Эльдберга,26
943,Деревня Вересковка (строение 2),Руины,Ард Скеллиг,
944,Главный рынок Боклера (строение 2),Канализация,Оксенфурт,422
945,Драконья долина (строение 2),Разрушенная деревня,Запад Велена,
946,Аллея висельников (строение 2),Деревня,Неизвестно,
947,Деревня Харвикен (строение 2),Мельница,Долина Сансретура к северу от «Куролиска»,169
948,Игорный притон (строение 2),Область,Юг Велена,174
949,Вызимское кладбище (строение 2),Деревня,Северо-запад Велена,
950,Деревня Глинник (строение 2),Площадь,Верхний город Боклер,
951,Дом Маркграфа Хенкеля (строение 2),Долина,К северо-востоку от Оксенфурта,
952,Глиняные ямы (локация) (строение 2),Дорога,К западу от Больших Сучьев,592
953,Долина Ведетте (строение 2),Деревня,Фаро,129
954,Карбон (строение 2),Таверна,Купеческий квартал,553
955,Золотой сток (строение 2),Кладбище,Неизвестно,
956,Каменный круг (строение 2),Деревня,К югу от Врониц,
957,Грязищи (строение 2),Дом,Новиград,
958,Двор празднолюбцев (строение 2),Глиняный карьер,Южнее деревни кирпичников,
959,Госпиталь Вильмериуса (строение 2),Долина,Север Туссента,438
960,Западные ворота (строение 2),Гора и город,Восток Махакама,586
961,Вроницы (регион) (строение 2),Город,Неизвестно,
962,Безопасный приют (Храмовый квартал) (строение 2),Круг,Ард Скеллиг,
963,Ингдален (строение 2),Область,Север Велена,
964,Блокпост Ордена (строение 2),Разрушенная усадьба,К югу от Врониц,501
965,Алтарь Вейопатиса (строение 2),Госпиталь,Обрезки Новиград,307
966,Корчма «Старый порт» (строение 2),Ворота,Оксенфурт,567
967,Горький сад (строение 2),Область,Северо-запад Велена,
968,Дом Шани (строение 2),Хитроумная конструкция,Неизвестно,
969,Корчма «Алхимия» (строение 2),Остров,К северу от Хиндарсфьялла,380
970,Кладбище на болотах (строение 2),Пост,Храмовый квартал,
971,Глиняные ямы (локация) (строение 2),Статуя,Леса Флотзама,
972,Каменоломня Старые Хрычи (строение 2),Таверна,Ундвик,129
973,Деревня Тодерас (строение 2),Опустевшее селение,К юго-западу от Луковца,
974,Корчма «Зимородок» (строение 2),Дом,Храмовый квартал,
975,Заброшенный склад (строение 2),Корчма,Оксенфурт,
976,Дом Абигайл (строение 2),Хитроумная конструкция,Неизвестно,90
977,Деревня Стёжки (строение 2),Глиняный карьер,Южнее деревни кирпичников,
978,Грот драконобойца (строение 2),Каменоломня,Велен,220
979,Врата Восходящего Солнца (строение 2),Деревня,Восток Велена,59
980,Краснолюдские катакомбы (строение 2),Корчма,Новиград Площадь Иерарха,
981,Канализация Вызимы (строение 2),Склад,Леса Кароберты к востоку от Тесхам Мутна,571
982,Брошенная лесопилка (строение 2),Хитроумная конструкция,Неизвестно,
983,Деревня Фирсдаль (строение 2),Деревня,К западу от Коломницы,181
984,Врата Металлургов (строение 2),Пещера,К северо-западу от Кривоуховых топей,196
985,Корчма «Под Серебряной Саламандрой» (строение 2),Ворота,Верхний город Боклер,
986,Деревня Рудник (строение 2),Захоронение,Окрестности Вергена,553
987,«Колокола Боклера» (строение 2),Канализация,Неизвестно,120
988,Деревня Альнесс (строение 2),Лесопилка,Ард Скеллиг,
989,Деревня Карстен (строение 2),Деревня,Ард Скеллиг,151
990,Дом Сары (строение 2),Ворота,Верген,414
991,Корчма «Под бочкой и шпунтом» (строение 2),Корчма,Долина Ведетте на берегу Сансретура,599
992,Дерево странников (строение 2),Деревня,Северный берег Моречка,
993,Алтарь Вейопатиса (строение 2),Бордель,Порт Боклера,
994,Ингдален (строение 2),Деревня,Золотые поля,567
995,Долина Сансретура (строение 2),Деревня,Неизвестно,501
996,Альдерсберг (строение 2),Дом,К югу от Площади Иерарха,92
997,Корчма «Под бочкой и шпунтом» (строение 2),Корчма,Деревня Фловив,
998,Заброшенная бочарня (строение 2),Дерево,Юг Аэдирна,
999,Глиняные ямы (локация) (строение 2),Статуя,Леса Флотзама,85
1000,Верхняя мельница (строение 2),Остров,К северу от Хиндарсфьялла,129
1001,Деревня Сворлаг (строение 2),Долина,К северу от Боклера,224
1002,Дом кузнеца (строение 2),Город,Неизвестно,252
1003,Краснолюдские катакомбы (строение 2),Корчма,Деревня Фловив,166
1004,Замок Ла Валетт (строение 2),Бочарня,Леса Кароберты,571
1005,Каналы Оксенфурта (строение 2),Глиняный карьер,Южнее деревни кирпичников,
1006,Деревня Ферлунд (строение 2),Мельница,К востоку от Броновиц,443
1007,Заброшенный храм пророка Лебеды (строение 2),Деревня,Спикероог,566
1008,Ворота в Старую Вызиму (строение 2),Дом,Темноводье,56
1009,Деревня Большие Сучья (строение 2),Захоронение,Окрестности Вергена,
1010,Деревня Бландаре (строение 2),Замок,Неизвестно,153
1011,Дерево висельников (строение 2),Канализация,Оксенфурт,213
1012,Кладбище у Монкрана (строение 2),Деревня,Ард Скеллиг,435
1013,Игорный притон (строение 2),Святилище,Долина Сансретура,
1014,Кладбище големов (строение 2),Ворота,Дамба Вызимы,
1015,Дом Вепря (строение 2),Деревня,К западу от Врониц,
1016,Деревня Черминь (строение 2),Деревня,Ард Скеллиг,237
1017,Кладбище Белого Сада (строение 2),Дерево,К северу от Яворника,
1018,Вызима (озеро) (строение 2),Кладбище,Пустоши к западу от Монкрана,60
1019,Деревня Вересковка (строение 2),Таверна,Купеческий квартал,
1020,Деревня Квальхейм (строение 2),Хитроумная конструкция,Неизвестно,422
1021,Бочарня на склонах (строение 2),Святилище,Велен,
1022,Градова гора (строение 2),ДеревняОпустевшее селение,К югу от деревни Стёжки,
1023,Дол Ду Локке (строение 2),Кладбище,К северу от деревни,636
1024,Журавлиный мыс (строение 2),Озеро,Вокруг города,
1025,Дом Сары (строение 2),Деревня,Северо-запад Велена,457
1026,Грот Альбертуса (строение 2),ДеревняЛагерь бандитов,Ард Скеллиг,599
1027,Дом ведьмака (строение 2),Поселение,Склоны Горгоны к западу от тюрьмы Бастой,38
1028,Деревня Ферлунд (строение 2),Гора,Ард Скеллиг,
1029,Вороний Яр (строение 2),Долина,Неизвестно,566
1030,Залив Сирени (строение 2),Мыс,К северу от Новиграда,
1031,Деревня Сунд (строение 2),Дом,К югу от Площади Иерарха,
1032,Гиндар (строение 2),Пещера,Склоны Горгоны,
1033,Корчма «Под Серебряной Саламандрой» (строение 2),Дом,Неизвестно,20
1034,Деревня Клыки (строение 2),Деревня,Ард Скеллиг,553
1035,Горький сад (строение 2),Каменоломня,Неизвестно,
1036,Кладбище китов (строение 2),Залив,Великое море,
1037,«Книги и свитки» (строение 2),Деревня,Ард Скеллиг,549
1038,Вилла Орианы (строение 2),Роща,Хиндарсфьялл,605
1039,Гнездо чудовища (строение 2),Корчма,Долина Ведетте на берегу Сансретура,146
1040,Коломница (строение 2),Разрушенная деревня,Запад Велена,
1041,Башка тролля (строение 2),Опустевшее селение,К юго-западу от Луковца,382
1042,Жилище Филиппы Эйльхарт (строение 2),Побережье,Ард Скеллиг,502
1043,Дикий берег (строение 2),Книжная лавка,Рынок на площади Иерарха,
1044,Долина Ведетте (строение 2),Поместье,Боклер,
1045,Вроницы (регион) (строение 2),Хитроумная конструкция,Неизвестно,553
1046,Деревня Подлесье (строение 2),Остров,Озеро Моречко,
1047,Деревня Гольмштейн (строение 2),Гора,К северу от Каэр Морхена,201
1048,Журавлиный остров (строение 2),Жилище чародейки,Верген,446
1049,Квартал Нелюдей (строение 2),Жилище чародейки,Лок Муинне,521
1050,Килкеринн (строение 2),Побережье,Ард Скеллиг,
1051,Гробница Ворона (строение 2),Долина,Север Туссента,250
1052,Дом Трисс в Обрезках (строение 2),Область,Северо-запад Велена,166
