quest_id,quest_name,quest_type,quest_issuing,quest_reward
1,Aep Gorgheespeath (квест),Основной,Доска объявлений,
2,Pacta Sunt Servanda,Второстепенный,Граф Маравель,
3,Tedd Deireadh. Час конца,Основной,Йеннифэр,1000 
4,Va faill Elaine,Основной,Йеннифэр,
5,Veni Vidi Vigo,Основной,Йеннифэр,200 
6,Аве Хенсельт!,Второстепенный,Проксим,
7,Альвин (квест),Основной,Доска объявлений,10000 ОО
8,Анатомия преступления,Основной,Доска объявлений,3500 ОО
9,Аудиенция,Основной,Автоматически,
10,Баллиста (квест),Второстепенный,Вернон Роше,
11,Банды Новиграда,Второстепенный,Доска объявлений,50 300 
12,Баррикада,Основной,Фольтест,
13,Бастион (квест),Второстепенный,Бастион,50 
14,Башня из ниоткуда,Второстепенный,Жители деревни,Лунный клинок50 Если Геральт принял награду от жителей:65 
15,Беглец,Второстепенный,Доска объявлений,
16,Беда с троллем,Второстепенный,Хораб,100-200 оренов
17,Беда тролля,Второстепенный,Автоматически,25 Голова эльфа
18,Без следа,Второстепенный,Отто Бамбер,Если Геральт полностью расследовал дело:100 200 Если Геральт неполностью расследовал дело:50 200 
19,Безопасная пристань,Второстепенный,Деклан Леуваарден,400 оренови 2500 ОО
20,Безымянный,Основной,Йеннифэр,200 ООДлинный меч со Спикероога
21,Белый клык,Второстепенный,Доска объявлений,600 оренов5000 ОО
22,Берег погибших кораблей (квест),Второстепенный,Письмо,Содержимое сундуков
23,Бери что хочешь,Второстепенный,Доска объявлений,250 кронТейгрПисьмо к Гаэтану
24,Беспокойное соседство,Второстепенный,Дора,
25,Бестия из Белого Сада,Основной,Доска объявлений,300  / 150  или 500 
26,Бестия из Туссента,Основной,Доска объявлений,1000 
27,Битва в Каэр Морхене,Основной,Доска объявлений,2500 
28,Благодарность могильщика,Второстепенный,Могильщик,1500 ОО
29,Бойцовский клуб,Второстепенный,Доска объявлений,
30,Боклерское сафари,Второстепенный,Доска объявлений,250  / 280 
31,Больно не будет,Второстепенный,Захин Шмарц,Махакамский рунный сигиль875 оренов9000 ОО
32,Больше чем мастер,Второстепенный,Лазарь Лафарг,150  / 500 Гроссмейстерские чертежи
33,Борьба на руках: Верген,Второстепенный,Доска объявлений,
34,Борьба на руках: Каэдвенский лагерь,Второстепенный,Доска объявлений,
35,Борьба на руках: Лок Муинне,Второстепенный,Доска объявлений,
36,Борьба на руках: Флотзам,Второстепенный,Доска объявлений,
37,Борьба с искушением,Второстепенный,Жена кузнеца,Жена: О растениях бесплодных земельи 8000 ООКузнец: Метеоритная руда или 500 оренови 8000 ОО
38,Братская любовь,Второстепенный,Доска объявлений,300  / 300 — 430 100  от Гюго Моннара
39,Братья по оружию. Велен,Основной,Доска объявлений,
40,Братья по оружию. Нильфгаард,Основной,Доска объявлений,
41,Братья по оружию. Новиград,Основной,Доска объявлений,
42,Братья по оружию. Скеллиге,Основной,Доска объявлений,
43,В волчьей шкуре,Второстепенный,Йоста,От заказчицы:50 85 От ростовщика:ДеитвенВырванная страница: Отвар из волколакаЕсли Моркварг съел своё мясо:Сальмийская бригантина
44,В гостях хорошо а дома лучше,Основной,Доска объявлений,500 
45,В гостях хорошо...,Основной,Геральт из Ривии,1000 
46,В когтях безумия,Второстепенный,Седрик,100 ОО
47,В ожидании Го и До,Второстепенный,Доска объявлений,Содержимое сундукаЧертеж: Бельхавенский клинок
48,В поисках магии,Основной,Филиппа Эйльхарт,
49,В поисках фолианта,Второстепенный,Вермонт Йонн,50 ОО
50,В тылу врага,Второстепенный,Доска объявлений,
51,Важный свидетель обвинения,Основной,Реймонд Марлоу,3500 ОО
52,Вампирица с болот,Второстепенный,Главный Королевский Ловчий,1000 оренови 10000 ОО
53,Ведьмачьи древности: Гроссмейстерский доспех Школы Волка,Второстепенный,Лазарь Лафаргдневник Изабель Дюшамп,300  / 500 Гроссмейстерские чертежи снаряжения Школы Волка
54,Ведьмачьи древности: Гроссмейстерский доспех Школы Грифона,Второстепенный,Лазарь ЛафаргРапорт капитана Фирабраса,Гроссмейстерские чертежи снаряжения Школы Грифона
55,Ведьмачьи древности: Гроссмейстерский доспех Школы Кота,Второстепенный,Лазарь Лафарг,Гроссмейстерские чертежи снаряжения Школы Кота
56,Ведьмачьи древности: Гроссмейстерский доспех Школы Мантикоры,Второстепенный,Лазарь Лафарг,Чертежи базового снаряжения Школы Мантикоры
57,Ведьмачьи древности: Гроссмейстерский доспех Школы Медведя,Второстепенный,Лазарь Лафарг,Гроссмейстерские чертежи снаряжения Школа Медведя
58,Ведьмачьи древности: снаряжение Школы Волка,Второстепенный,Слегка надорванные заметки Иеронимуса о ведьмаке Эльгаре,Чертежи базового снаряжения Школы Волка
59,Ведьмачьи древности: снаряжение Школы Грифона,Второстепенный,Первая карта Эдвина Грелоффа,Чертежи базового снаряжения Школы Грифона
60,Ведьмачьи древности: снаряжение Школы Змеи,Второстепенный,Доска объявлений,
61,Ведьмачьи древности: снаряжение Школы Кота,Второстепенный,Первая карта Адальберта Кермита,Чертежи базового снаряжения Школы Кота
62,Ведьмачьи древности: снаряжение Школы Медведя,Второстепенный,Первая карта Ибрагима Сави,Чертежи базового снаряжения Школы Медведя
63,Ведьмачьи древности: улучшения Школы Волка I,Второстепенный,Хорошо сохранившиеся заметки Иеронимуса о ведьмаке Эльгаре,Чертежи улучшенного снаряжения Школы Волка
64,Ведьмачьи древности: улучшения Школы Волка II,Второстепенный,Слегка надорванные заметки Иеронимуса о ведьмаке Эльгаре,Чертежи улучшенного снаряжения Школы Волка
65,Ведьмачьи древности: улучшения Школы Волка III,Второстепенный,Промокшие и заплесневевшие заметки Иеронимуса о ведьмаке Эльгаре,Чертежи улучшенного снаряжения Школы Волка
66,Ведьмачьи древности: улучшения Школы Волка IV,Второстепенный,Сильно выцветшие заметки Иеронимуса о ведьмаке Эльгаре,Чертежи улучшенного снаряжения Школы Волка
67,Ведьмачьи древности: улучшения Школы Волка V,Второстепенный,Доска объявлений,Чертежи мастерского снаряжения Школы Волка
68,Ведьмачьи древности: улучшения Школы Грифона I,Второстепенный,Вторая карта Эдвина Грелоффа,Чертежи улучшенного снаряжения Школы Грифона
69,Ведьмачьи древности: улучшения Школы Грифона II,Второстепенный,Вторая карта Эдвина Грелоффа,Чертежи улучшенного снаряжения Школы Грифона
70,Ведьмачьи древности: улучшения Школы Грифона III,Второстепенный,Третья карта Эдвина Грелоффа,Чертежи отличного снаряжения Школы Грифона
71,Ведьмачьи древности: улучшения Школы Грифона IV,Второстепенный,Четвертая карта Эдвина Грелоффа,Чертежи мастерского снаряжения Школы Грифона
72,Ведьмачьи древности: улучшения Школы Кота I,Второстепенный,Вторая карта Адальберта Кермита,Чертежи улучшенного снаряжения Школы Кота
73,Ведьмачьи древности: улучшения Школы Кота II,Второстепенный,Вторая карта Адальберта Кермита,Чертежи улучшенного снаряжения Школы Кота
74,Ведьмачьи древности: улучшения Школы Кота III,Второстепенный,Третья карта Адальберта Кермита,Чертежи улучшенного снаряжения Школы Кота
75,Ведьмачьи древности: улучшения Школы Кота IV,Второстепенный,После прочтения Четвертой карты Адальберта Кермита,
76,Ведьмачьи древности: улучшения Школы Медведя I,Второстепенный,Вторая карта Ибрагима Сави,Чертежи улучшенного снаряжения Школы Медведя
77,Ведьмачьи древности: улучшения Школы Медведя II,Второстепенный,Вторая карта Ибрагима Сави,Чертежи улучшенного снаряжения Школы Медведя
78,Ведьмачьи древности: улучшения Школы Медведя III,Второстепенный,Третья карта Ибрагима Сави,Чертежи отличного снаряжения Школы Медведя
79,Ведьмачьи секреты,Основной,Смерть Лео,10000 ОО
80,Ведьмачья кузница,Второстепенный,Монструми или Ведьмака описание. Том 2,25 Мастерский доспех Школы Волка
81,Великий побег (Ведьмак 3),Основной,Йеннифэр,800 
82,Великий побег (Ведьмак),Основной,Винсент Мэйс,3500 ОО
83,Великое ограбление банка,Основной,Доска объявлений,9000 ОО
84,Верный друг,Второстепенный,Доска объявлений,
85,Вероломный садовник,Второстепенный,Доска объявлений,Содержимое сундука
86,Вечный бой,Основной,Доска объявлений,
87,Вечный покой,Второстепенный,Доска объявлений,Правда:100  / 50 Ложь:50  / 100 
88,Винные войны: Бельгаард,Второстепенный,Доска объявлений,Матильда де Верментино:900 — 1216 Лиам де Короната и Матильда (как консорциум):900 — 1346 Лиам и Матильда (как пара):900 — 1235 150 Именное вино Геральта
89,Винные войны: Верментино,Второстепенный,Матильда де Верментино,100  / 700 — 981 
90,Винные войны: Грязная игра,Второстепенный,Доска объявлений,250 
91,Винные войны: Короната,Второстепенный,Лиам де Короната,100  / 700 — 956 
92,Вино - это святое.,Основной,Доска объявлений,
93,Вкус мести,Основной,Геральт из Ривии,15000 ОО
94,Владыка Ундвика,Второстепенный,Крах ан Крайт,600 
95,Во имя великой цели!,Основной,Доска объявлений,
96,Военный совет,Основной,Доска объявлений,
97,Возвращение в Кривоуховы топи,Второстепенный,Кровавый Барон,300  / 100 
98,Возвращение королевы,Второстепенный,Доска объявлений,
99,Возвращение памяти,Основной,Доска объявлений,
100,Вой,Второстепенный,Сабрина Глевиссиг,Гарваль
101,Вокруг света за... восемь дней,Второстепенный,Неоконченный рапорт,Содержимое сундука
102,Волчица (квест),Основной,Доска объявлений,
103,Вооруженное нападение,Второстепенный,Доска объявлений,25 ОО
104,Вопрос жизни и смерти (Ведьмак 2),Основной,Филиппа Эйльхарт,Меч полководца
105,Вопрос жизни и смерти (Ведьмак 3),Второстепенный,Трисс Меригольд,
106,Воровская честь,Второстепенный,Рико Майерсдорф,ЭрлихрадКираса воина Фрейи
107,Враг народа,Второстепенный,Радовид V Свирепый,50 ОО135 крон
108,Время жатвы,Основной,Васка,Псалмы безумия и отчаяния5000 ОО
109,Всё ради золота,Второстепенный,Письмо,Содержимое сундука
110,Встреча на высшем уровне,Второстепенный,Доска объявлений,
111,Встреча Чародеев,Основной,Геральт,
112,Вся королевская рать,Основной,Трисс Меригольд,4500 ОО
113,Категория:Второстепенные квесты,Второстепенный,Доска объявлений,
114,Вызимские связи,Основной,Юз,200 оренови 5000 ОО
115,Вызимский собаколов,Второстепенный,После прочтения доски объявлений,100&nbsp2500 ОО
116,Вылитый ведьмак,Второстепенный,Староста Залипья,75 
117,Высокие ставки,Второстепенный,Писарь в Пассифлоре,4500 Карты лидеров фракций
118,Вышибала,Второстепенный,Куртизанка,25 ОО15 крон
119,Гвинт: Большой турнир в Боклере,Второстепенный,Граф Монье,50-350 100  (за участие)500  (за победу над графом)1000  (за полную победу)Кубок победителяБлеф (опционально)
120,Гвинт: Веленские игроки,Второстепенный,Гвинт: Требуются новые игроки,125 Карты:  «Сигизмунд Дийкстра»  «Лето из Гулеты» «Ведьма: Пряха» «Вернон Роше» «Эредин Бреакк Глас Убийца Оберона»
121,Гвинт: игра по-скеллигски,Второстепенный,Уроки гвинта,125 Карты:  «Леший»  «Драуг» «Яевинн» «Таинственный эльф» «Катакан» «Эмгыр вар Эмрейс»
122,Гвинт: Игры в Новиграде,Второстепенный,Доска объявлений,25 ОО за матчКарты Гвинт:Весемир (Нейтральные карты)  Эстерад Тиссен (Колода: Королевства Севера)Морвран Воорхис (Колода: Нильфгаард)Цирилла (Нейтральные карты)Франческа Финдабаир Прекраснейшая (Колода: Скоя'таэли)
123,Гвинт: Игры с корчмарями,Второстепенный,Доска объявлений,
124,Гвинт: колода Скеллиге,Второстепенный,Мартин МоньеДоска объявлений корчмы «Куролиск»,Колода: Скеллиге
125,Гвинт: Партийка с Талером,Второстепенный,Доска объявлений,25 OOКарта "Геральт из Ривии"
126,Гвинт: Старые товарищи,Второстепенный,Доска объявлений,25  за каждую победуКарты для гвинта
127,Где же Трисс?,Основной,Доска объявлений,
128,Главный свидетель,Второстепенный,Бригида Пепеброк,
129,Глиняные ямы (квест),Основной,Васка,Сефирот Хеседи 2500 ОО
130,Гномье устройство,Второстепенный,Доска объявлений,9000 ОО
131,Гнусное предложение,Основной,Бернард Лоредо,
132,Голоден как волк,Второстепенный,Дейдра Адемейн,Рунный камень Сварога
133,Голодные игры,Второстепенный,Доска объявлений,Золотой жезл радости460 
134,Горе побеждённым,Второстепенный,Доска объявлений,
135,Горькое возвращение,Второстепенный,Доска объявлений,
136,Грабеж на большаке,Второстепенный,Доска объявлений,
137,Граф Маравель (квест),Второстепенный,Барон Кимбольт,
138,Грустная история братьев Гроссбарт,Второстепенный,Джанго Фретт,Совместная работа:25  50 Одинокий Волк:50  20 
139,Грязные деньги,Второстепенный,Записки,
140,Грязь и бархат,Второстепенный,Придворная дама Антуанетта,Три бомбы «Мечта Дракона»
141,Гуси гуси га-га-га!,Второстепенный,Доска объявлений,250 Золотое яйцо
142,Да здравствует искусство!,Основной,Присцилла,65 Награда за выступление опциональна:Кайры: 30/20Роль княжны:Присцилла: 20/20Ирэн: 10/20Роль князя:Абеляр: 30/88Максим: н/дИгра Геральта:Без ошибок: 120/50С ошибками: 100/20Одни ошибки: 0/0
143,Дабы вилохвоста приманить...,Основной,Весемир,600 Если Геральт выиграл у Эскеля в гонке:Сапоги Горного народаРецепт: Яд повешенного
144,Давным-давно...,Основной,Доска объявлений,1600 
145,Дама в беде,Второстепенный,Крестьянка,20 ОО40 кронЕсли Геральт не принял награду: 60 ОО
146,Дворянин из Цинтры,Основной,Доска объявлений,1500 
147,Девочки на работе,Второстепенный,Доска объявлений,200 или скидка на оплату услуги 2500 ОО
148,Дела государственной важности,Второстепенный,Доска объявлений,
149,Дела семейные,Основной,Автоматически,200 
150,Дела семейные: взломщик,Основной,Доска объявлений,
151,Дела семейные: медвежатник,Основной,Доска объявлений,
152,Деньги не пахнут,Второстепенный,Письмо Козьме Кириллу,Содержимое сундука
153,Дикое сердце,Второстепенный,Доска объявлений,50 
154,Дипломатия и Охота,Основной,Иерофант,5000 ОО
155,Дитя Старшей Крови,Основной,Цири,300 
156,Дневник Даэрхенны,Второстепенный,Доска объявлений,
157,Доброволец,Второстепенный,Осторожнои тролль!,50 Если Геральт оставил тролля в живых:5 оленьих шкур10 козьих шкурЧертеж: Гвен'нельЧертеж: Перчатки топорника
158,Долг,Основной,Автоматическии в начале приключения.,
159,Долгая ночь,Основной,Анна Генриетта,800 
160,Долгий путь домой,Второстепенный,Доска объявлений,400 оренови 2000 ОО
161,Дом с привидениями (Ведьмак 3),Второстепенный,Доска объявлений,
162,Дом с привидениями (Ведьмак),Второстепенный,Доска объявлений,1500 ОО
163,Дом милый дом,Второстепенный,Анна Генриетта,200 
164,Дорогая ошибка,Второстепенный,Записки контрабандиста,МогримДругое содержимое сундука
165,Доспех Вероломца,Второстепенный,Автоматически,
166,Доспехи (квест),Второстепенный,Доска объявлений,Доспехи Ворона10000 ОО
167,Драгоценный груз,Второстепенный,Записки путешественника,Содержимое сундука
168,Древний цеметавр,Второстепенный,Тобиас Гофман,800 оренов7000 ОО
169,Дружеская услуга,Второстепенный,Кейра Мец,80 
170,Дудник,Основной,Доска объявлений,
171,Дух свободы,Второстепенный,Ивар,2-10 ОО
172,Дяды (квест),Второстепенный,Ворожей,50 50 
173,Её Высочество стрыга,Основной,Доска объявлений,Если Геральт снял проклятие:Жажда стрыги17000 ООД'Иабль
174,Железная дева,Второстепенный,Ютта ан Димун,25 
175,Жемчуга побережья,Второстепенный,Неотправленное письмо,Содержимое сундука
176,Жрец-водяной (квест),Второстепенный,Доска объявлений,800 оренови 7000 ОО
177,За железной решеткой.,Основной,Доска объявлений,3750   (если Детлафф был убит) / 50 
178,За семью морями,Второстепенный,Доска объявлений,50 ОО
179,За честь и славу,Второстепенный,Доска объявлений,50  / 60 
180,Заблудшая овца,Второстепенный,Васка,3500 ОО
181,Заброшенная лесопилка,Второстепенный,Доска объявлений,50 ОО20 крон
182,Забытые воспоминания,Основной,Микула,200 оренов4000 ОО
183,Загадочное сокровище,Второстепенный,Доска объявлений,
184,Задание: Коровьи лепешки,Второстепенный,Доска объявлений,500  / 300-437 ДалияТрофей ослизга
185,Заказ виноделов: Котий хребет,Второстепенный,Доска объявлений,150  / 200 — 289 
186,Заказ виноделов: Пещера Шепота,Второстепенный,Доска объявлений,100  / 150-204 
187,Заказ виноделов: Серый грот,Второстепенный,Доска объявлений,70  / 200 — 271 
188,Заказ виноделов: Склад на Тихом берегу,Второстепенный,Доска объявлений,100  / 150 — 218 
189,Заказ виноделов: Холмы Дун Тынне,Второстепенный,Доска объявлений,100  / 150 — 213 
190,Заказ на гаргулий,Второстепенный,Доска объявлений,200 оренов150 ОО
191,Заказ: Белая дама,Второстепенный,Заказ: Белая Дама,260 ОО246-348 кронТрофей полуденицыДеитвен
192,Заказ: Бестия,Второстепенный,Доска объявлений,250  / 520-749 Трофей накера-воинаДевин
193,Заказ: Бестия из Оксенфуртской чащи,Второстепенный,Доска объявлений,Трофей архигрифонаДоспех ЛасточкиЕсли Геральт не нашел письмо:300 ОО231 кронЕсли Геральт нашел письмо:300 ОО331 крон
194,Заказ: Грифон в холмах,Второстепенный,Грифон в холмах,25 кронТрофей архигрифонаЧертеж: Штаны следопыта
195,Заказ: Дом с привидениями,Второстепенный,Заказ: Дом с привидениями,325 ОО267-399 кронТрофей элементаляСорвишапка
196,Заказ: Дракон,Второстепенный,Доска объявлений,350 Трофей вилохвостаТанцорЕсли Геральт соврал:273-386 Если Геральт рассказал правду:Половина от обговоренной суммы.
197,Заказ: Если не хочешь моей погибели…,Второстепенный,Доска объявлений,200  / 300 — 431 Трофей из Гротника
198,Заказ: Заботы Могильщика,Второстепенный,Доска объявлений,240 240-358 Трофей кладбищенской бабыАддан Дейт
199,Заказ: Клекотун,Второстепенный,Доска объявлений,Трофей куролискаЕсли взять деньги:235-334 крон235 ООЕсли не брать денег:250 ОО
200,Заказ: Лесное чудовище,Второстепенный,Доска объявлений у Пограничного поста,Если Геральт убил скоя’таэлей:Реданская подорожная грамота1 30 Если Геральт рассказал про скоя’таэлей:Реданская подорожная грамота1 Если Геральт не рассказал про скоя’таэли:1 
201,Заказ: Лешачиха,Второстепенный,Доска объявлений,240 
202,Заказ: Лихо лесное,Второстепенный,Доска объявлений,250 ОО / 260-354 кронТрофей лешегоЧерный единорогМутаген из лешего
203,Заказ: Лихо у колодца,Второстепенный,Доска объявлений,50 20  или аметист
204,Заказ: Медоносный призрак,Второстепенный,Доска объявлений,225  / 249-279 Трофей гончей Дикой Охоты
205,Заказ: Монстр из Туфо,Второстепенный,Месье де Бурбё,400  / 500 — 677 200  / 100  за кикиморАмиТрофей шарлеяМадам де Бурбё:120  / 200 Месье де Бурбё:100  / 50 
206,Заказ: Морские дьяволы,Второстепенный,Доска объявлений,250-352  / 250 Трофей водной бабы Дневная звездаЕсли Геральт попросил надбавку: 100 
207,Заказ: Неуловимый вор,Второстепенный,Доска объявлений,270 ООЕсли Геральт не убил допплера:Чертеж: Гномский гвихир215 Если Геральт убил допплера:Сапоги Горного народаТрофей допплера215-330 
208,Заказ: О чём говорят лошади,Второстепенный,Пинастри,Картошка - 60
209,Заказ: Оксенфуртский кровопийца,Второстепенный,Доска объявлений,300 ОО273-376 кронТрофей катаканаДергдейтМутаген из катакана
210,Заказ: Опасные развлечения,Второстепенный,Доска объявлений,270 ОО249-371 кронТрофей суккубаЕсли Геральт пощадил Сальму:МогримЕсли Геральт убил Сальму:Мутаген из суккуба
211,Заказ: Призрак с Эльдберга,Второстепенный,Доска объявлений,260 ОО246-368 кронПепельная руна
212,Заказ: Призрак тракта,Второстепенный,Доска объявлений,300 279 Трофей виверныАнафема
213,Заказ: Пропавшие горняки,Второстепенный,Доска объявлений,Если Геральт убил тролля:200 271-399 Трофей тролляКаролинаЕсли Геральт не убил тролля:125 100 
214,Заказ: Пропавший брат,Второстепенный,Доска объявлений,Трофей главоглазаЕсли Геральт использует Аксий:200 280-390 Если Геральт сказали что рисковал жизнью:20084 Если Геральт отказался от награды:300 
215,Заказ: Пропавший жених,Второстепенный,Деревня Сворлаг/Доска объявлений,249-349 250 Трофей эхидныШтаны убийцыЕсли Геральт принял награду Бритт:20 25 Если Геральт не принял:22 
216,Заказ: Пропавший патруль,Второстепенный,Доска объявлений,Трофей виверныОтказ от награды:35 ООНаграда:10 ОО50 крон
217,Заказ: Пропавший сын,Второстепенный,Доска объявлений,300  / 273-390 Трофей бесаДлинный коготьМутаген из беса
218,Заказ: Самый опасный преступник Скеллиге,Второстепенный,Доска объявлений,Если Геральт пощадил чудовищ:200 Башмаки из кожи неккераЕсли Геральт не пощадил чудовищ:100 
219,Заказ: Таинственные следы,Второстепенный,Заказ на... Боги знаюти на что!,400  / 258-384 Лазурный гневТрофей чертаМутаген из черта
220,Заказ: Тайна деревни Стёжки,Второстепенный,Заказ: Пропавшие солдаты,Трофей экиммыБлёд АэддЧертеж: ТорлуннОт Бытомира:25  210 От Норана:300  260-370 
221,Заказ: чудище из Доброва,Второстепенный,Заказ на чудище из Доброва,
222,Заказ: Чудище с болот,Второстепенный,Доска объявлений,Трофей туманникаКарабелла240 ОО279 кронЕсли взять деньги сразу: 136 кронЕсли подождать неделю: награда в два раза больше
223,Закат Золотого Солнца,Второстепенный,Доска объявлений,
224,Заклинание: Стартовый капитал,Второстепенный,Доска объявлений,5000 
225,Замёрзшие отражения,Основной,Доска объявлений,Секретыи украденные из Каэр Морхенаи 10000 ОО
226,Замок и ключ,Основной,Доска объявлений,5500 ОО
227,Запах благовоний,Второстепенный,Доска объявлений,
228,Засада на Палисаде,Второстепенный,Доска объявлений,15 ОО
229,Затишье перед бурей,Основной,Скьялль,
230,Затопленный сундук,Второстепенный,Запискии испачканные кровью,Деитвен
231,Зачарование: Плата за качество,Второстепенный,Доска объявлений,100 
232,Зашифрованная рукопись,Второстепенный,Брас из Бан Арда,Чертёж: Кэрм
233,Защита Каэр Морхена,Основной,Доска объявлений,6000 ОО
234,Защитник веры,Второстепенный,Крестьянка,50 
235,Зов крови,Основной,Доска объявлений,100040 за Аксий
236,Золото дезертиров,Второстепенный,Доска объявлений,
237,Золото дураков,Второстепенный,Йонтек,50 ОО100 крон (если Геральт позволит повесить Йонтека)
238,Золотые кулаки,Второстепенный,Доска объявлений,
239,И жили долго и счастливо,Основной,Доска объявлений,500 
240,И пришёл дракон,Основной,Доска объявлений,
241,И у стен есть уши,Второстепенный,Вицек Боровик,
242,И я там был мед-пиво пил,Основной,Ольгерд фон Эверек,150 
243,Игра в покер: Верген,Второстепенный,Доска объявлений,
244,Игра в покер: Каэдвенский лагерь,Второстепенный,Доска объявлений,
245,Игра в покер: Лок Муинне,Второстепенный,Доска объявлений,
246,Игра в покер: Флотзам,Второстепенный,Доска объявлений,СтавкиЧертёж: КогтезубЧертёж: ПожарищеЧертёж: БешенствоСушеная голова тролля
247,Игра с огнём,Второстепенный,Вилли,50  / 20 
248,Игры кошек и волков,Второстепенный,Доска объявлений,250 
249,Игры разума,Основной,Доска объявлений,
250,Из далекого Офира,Второстепенный,Доска объявлений,Чертёж: Офирские шароварыЧертёж: Офирские перчаткиЧертёж: Офирский доспехЧертёж: Офирские сапоги
251,Из огня в полымя,Второстепенный,Доска объявлений,Кираса из Маг Дейры и другое содержимое сундука
252,Избранник богов,Второстепенный,Крах ан Крайт,750 Если Геральт убил хима:Сапфировая пыльПризрачная пыльЭссенция призрака
253,Именем Темерии!,Основной,Доска объявлений,
254,Испытание огнём,Основной,Доска объявлений,
255,Истина в пиве,Второстепенный,Доска объявлений,Квадратная монета
256,Исток (квест),Основной,Трисс Меригольд,5000 ОО
257,История Цири. Бегство с болот,Основной,Доска объявлений,
258,История Цири. Визит к Младшему,Основной,Ублюдок Младший,
259,История Цири. Из тени,Второстепенный,Во время прохождения квеста "Дела семейные",
260,История Цири. Король волков,Основной,Автоматически,100 
261,История Цири. Скачки,Второстепенный,Во время прохождения квеста "Дела семейные",
262,История Цири. Сломя голову,Основной,Лютик,5 ОО
263,Исчезновение Гарвены,Второстепенный,Доска объявлений,
264,К монастырю!,Основной,Фольтест,
265,Кабаре,Второстепенный,Лютик,Если Геральт не участвует в гонке:220 ООЕсли Геральт участвует в гонке и выигрывает:245 ОО80 кронМастерское седло
266,Как избавиться от призраков раз и навсегда,Второстепенный,Доска объявлений,
267,Карта (квест),Основной,Доска объявлений,
268,Каэр Морхен (квест),Основной,Автоматически,
269,Шаблон:Квест,Основной,This is a test,This is a test
270,Категория:Квестовые предметы,Второстепенный,Доска объявлений,
271,Категория:Квесты (Ведьмак 2),Второстепенный,Доска объявлений,
272,Квесты (Ведьмак 2),Второстепенный,Доска объявлений,
273,Категория:Квесты (Ведьмак 3),Второстепенный,Доска объявлений,
274,Квесты (Ведьмак 3),Второстепенный,Доска объявлений,
275,Категория:Квесты (Ведьмак),Второстепенный,Доска объявлений,
276,Квесты (Ведьмак),Второстепенный,Доска объявлений,
277,Кейран (Квест),Основной,Доска объявлений,
278,Кейран: Тенекост,Основной,Доска объявлений,
279,Кейран:Вопрос цены,Основной,Доска объявлений,1500-2000 оренов
280,Клад неудачника,Второстепенный,Записка раздраженного воина,Тор ЛараСодержимое сундука
281,Кладбищенские гиены,Второстепенный,Альбин Харт,50 Если Альбин жив: 50 Если Альбин мертв: 20 
282,Клиент всегда прав,Второстепенный,Доска объявлений,Немедленно — 200 Неделя — 500 Счетовод
283,Клубок разматывается,Основной,Доска объявлений,5000 ОО100 оренов
284,Коллекционер,Второстепенный,Яромир,500 крони трофейи взятый с шарлея
285,Кольцо,Второстепенный,Доска объявлений,100 оренов2500 ОО
286,Комната Цири,Второстепенный,Доска объявлений,100 ОО
287,Контракт на альгулей,Второстепенный,После прочтения доски объявлений,300 оренов7000 ОО
288,Контракт на альпов,Второстепенный,После прочтения доски объявлений,250 оренови 5000 ОО
289,Контракт на археспор,Второстепенный,После прочтения доски объявлений,200 оренов5000 ОО
290,Контракт на баргестов,Второстепенный,После прочтения доски объявлений,100&nbsp 2 Корень мандрагоры 2000 ОО
291,Контракт на брукс,Второстепенный,после прочтения доски объявлений,7000 ОО300 оренов
292,Контракт на василисков,Второстепенный,После прочтения доски объявлений,250 оренов5000 ОО
293,Контракт на виверн,Второстепенный,После прочтения доски объявлений,200 оренов5000 ОО
294,Контракт на волков,Второстепенный,После прочтения доски объявлений,150 оренови 2500 ОО
295,Контракт на гаркаинов,Второстепенный,после прочтения доски объявлений,250 оренови 7000 ОО
296,Контракт на гарпий,Второстепенный,Доска объявлений,100 ОП200 оренов
297,Контракт на гнильцов,Второстепенный,Доска объявлений/Проксим,200 Оренов100 ОО
298,Контракт на гравейров,Второстепенный,После прочтения доски объявлений,200 оренови 5000 ОО
299,Контракт на гулей от Велерада,Второстепенный,После прочтения доски объявлений,150 оренов5000 ОО
300,Контракт на гулей от Калькштейна,Второстепенный,После прочтения доски объявлений,Книга «Основы алхимии»100 оренов3000 ОО
301,Контракт на кикимор,Второстепенный,После прочтения доски объявлений,200 оренов5000 ОО
302,Контракт на кокатриксов,Второстепенный,После прочтения доски объявлений,200 оренов5000 ОО
303,Контракт на Королеву гарпий,Второстепенный,Доска объявлений,
304,Контракт на мегаэхинопса,Второстепенный,Доска объявлений,
305,Контракт на накеров,Второстепенный,Доска объявлений,150 оренов75 ОО
306,Контракт на пиявок,Второстепенный,после прочтения доски объявлений,200 оренови 7000 ОО
307,Контракт на плавунов,Второстепенный,После прочтения доски объявлений,150 оренов2500 ОО
308,Контракт на призраков,Второстепенный,после прочтения доски объявлений,300 оренов7000 ОО
309,Контракт на сколопендроморфов,Второстепенный,После прочтения доски объявлений,250 оренови 5000 ОО
310,Контракт на утопцев,Второстепенный,После прочтения доски объявлений,100 оренови 2000 ОО
311,Контракт на фледеров,Второстепенный,После прочтения доски объявлений,250 оренов5000 ОО
312,Контракт на цеметавров,Второстепенный,После прочтения доски объявлений,250 оренов7000 ОО
313,Контракт на эндриаг,Второстепенный,Доска объявлений,
314,Контракт на эхинопсов,Второстепенный,После прочтения доски объявлений,200 оренови 2500 ОО
315,Контракт на эхинопсов (Обманки),Второстепенный,Доска объявлений,
316,Контракт на яг,Второстепенный,После прочтения доски объявлений,150 или 300 оренови 5000 ОО
317,Контракт на яйца виверн,Второстепенный,После прочтения доски объявлений,5000 ОО250 оренов
318,Контракты на чудовищ,Второстепенный,Доска объявлений,
319,Копьё судьбы,Основной,Доска объявлений,
320,Королевская кровь,Основной,Филиппа Эйльхарт,
321,Королевские военно-воздушные силы,Второстепенный,Лабораторный журнал Николаса Фогля,Содержимое сундука
322,Королевский гамбит,Второстепенный,Крах ан Крайт,1850 ООСтальной меч ХьялмараСудьбаСмерть с небес
323,Король склепа,Второстепенный,Доска объявлений,200 оренов1000 ОО
324,Король умер да здравствует король,Основной,Крах ан Крайт,1050 ОО
325,Коронация,Второстепенный,Крах ан Крайт,200 
326,Короткий путь,Второстепенный,Вырванный листок,Блёд АэддСодержимое сундука
327,Корчмарь-самогонщик,Второстепенный,Доска объявлений,
328,Кости брошены,Второстепенный,Милка,
329,Кости Великого Нищего (квест),Второстепенный,Доска объявлений,150 
330,Костры Новиграда,Основной,Йеннифэр,200 
331,Кошмар Балтимора,Второстепенный,Доска объявлений,
332,Красавица и чудовище,Второстепенный,Кармен,6000 ОО
333,Красная Шапочка (квест),Второстепенный,Крестьяне,Если Геральт не убил Волчицу:25 ОО20 кронЕсли Геральт убил Волчицу:50 ОО10 крон
334,Кредит доверия,Второстепенный,Доска объявлений,После второй встречи:20 Если не выдавать мошенника: 50  / 50 
335,Кровавое золото,Второстепенный,Запятнанное кровью письмо,Содержимое сундука
336,Кровавокрылый,Второстепенный,Главный Королевский Ловчий,1000 оренови 10000 ОО
337,Кровавый Барон (квест),Основной,После прочтения заметок Гендрика,
338,Кровожадное растение,Второстепенный,Доска объявлений,400 оренови 3000 ОО
339,Кровь от крови,Основной,Доска объявлений,
340,Круги на воде,Основной,Доска объявлений,Арондити 10000 ОО
341,Крыса (квест),Второстепенный,Кирпич,100 или 600 оренов2500 ОО
342,Кто сеет ветер...,Основной,Автоматически,300 Сторона о'Дима:Награда по выбору:Бездонный графинЧепрак скорбиРог изобилия5000 Информация о Цири[1]Сторона Ольгерда: Ирис
343,Кукла (квест),Основной,Доска объявлений,
344,Кулаки ярости: Велен,Второстепенный,Доска объявлений,75  / 160 Ставки
345,Кулаки ярости: Новиград,Второстепенный,Доска объявлений,100 
346,Кулаки ярости: Скеллиге,Второстепенный,Доска объявлений,150 ОО370 Чертеж: Доспех нильфгаардской гвардииЧертеж: ПроходчикГвестог
347,Кулаки ярости: Чемпион Чемпионов,Второстепенный,Доска объявлений,50 ОО90 кронЧертеж: Укротитель
348,Кулачные бои: Верген,Второстепенный,Шеридан,
349,Кулачный бой (квест),Второстепенный,Доска объявлений,26000 ООЗуб чемпиона кулачных боев
350,Кулачный бой (Кровь и Вино),Второстепенный,Доска объявлений,Колосс — 200 (500) Тихий Омут — 200 Швабра — 200 
351,Курьерская доставка,Второстепенный,Ростан Муггс,25  / 20 
352,Лавка благовоний,Второстепенный,Доска объявлений,
353,Лакомство (квест),Второстепенный,Доска объявлений,
354,Лилии и змеи,Второстепенный,Доска объявлений,
355,Литания Святого Григория (квест),Второстепенный,Доска объявлений,9000 ОО
356,Логово бестии,Основной,Доска объявлений,
357,Лудильщик охотник солдат шпион,Второстепенный,Окровавленное письмо,Содержимое сундука
358,Лучший друг людей,Второстепенный,Доска объявлений,10 ООКуклаВ облике зверя
359,Лысая гора (квест),Основной,Цири,1300 Магический жёлудь
360,Людоед,Второстепенный,При осмотре одинокой хижины,2000 ОО или алхимическая ртутьРецепт яда повешенного1000 ОО
361,Лютня Лютика (квест),Второстепенный,Лютик (опционально),6500 ОО
362,Магическая формула (квест),Второстепенный,Доска объявлений,9000 ОО
363,Магический светильник (квест),Второстепенный,Кейра Мец,100 ОО
364,Малена (квест),Второстепенный,Малена,
365,Маленькие сёстры,Второстепенный,Маврик,
366,Манускрипт (квест),Второстепенный,Доска объявлений,
367,Мародёры,Второстепенный,Мародеры,72 ОППлакальщик
368,Мастер арены,Второстепенный,Гуннар,60 ОО35 крон
369,Мастер-бронник,Второстепенный,Иоанна,Доспех Охотников за колдуньямиЧертеж: Кираса из Маг Дейры
370,Между мирами (квест),Основной,Доска объявлений,1200 
371,Мелисса,Основной,Доска объявлений,
372,Мертвецы безоружны,Второстепенный,Записки разбойника,УльтиматумДругое содержимое сундука
373,Меч Беренгара,Второстепенный,Записки Беренгара,50 Чертёж: Тор-хэерн
374,Меч на чудовищ,Второстепенный,Доска объявлений,
375,Меч голод и предательство,Второстепенный,Письмои написанное кровью,Содержимое сундука
376,Мечи и вареники,Второстепенный,Эйвар Хаттори,Меч из Обрезков
377,Мешок перьев,Второстепенный,Эльтоном,400 ореновТрофей для Эльтона
378,Мистическая река,Второстепенный,Доска объявлений,
379,Могила Скьялля,Основной,Доска объявлений,100 
380,Моя старая знакомая,Второстепенный,Шани,3000 ОО
381,Муза воспой ведьмака...,Второстепенный,Адриен де Руло,120 — 178 
382,Мышиная башня,Второстепенный,Кейра Мец,Отказ от предложения Анабелль: 600 Согласие взять останки Анабелль: 400 Просмотр всех 6 сцен с призраками (опционально): 350 
383,Мясник из Цидариса,Основной,Манфред,
384,На благо науки,Второстепенный,Кейра Мец,Кейра жива: 100 Кейра мертва: 200 
385,На вес золота,Второстепенный,Яевинн,200 оренови 2500 ОО
386,На ощупь,Основной,Кейра Мец,350 
387,На передовой,Основной,Фольтест,
388,На перепутье: Вернон Роше,Основной,Доска объявлений,
389,На перепутье: скоя'таэли,Основной,Доска объявлений,
390,На помощь Княжне,Основной,Ворожей,100 ОО
391,На пути к Вдохновенному,Основной,Торговец реликвиями,
392,На Скеллиге,Основной,Автоматически,250 
393,На смертном одре,Второстепенный,Томира,350  / 50 Рецепт: Масло против проклятыхПот и кровьЯд
394,На ярком солнце,Основной,Доска объявлений,10000 ОО400 оренов
395,Наперегонки со временем,Основной,Доска объявлений,
396,Народный герой,Второстепенный,Доска объявлений,100  / 0 или 50 Фигурка Режинальда (опционально)
397,Нарушенный покой,Второстепенный,Островитянка,50 
398,Наследство,Второстепенный,Старое пожелтевшее письмо,Кровавый мечСодержимое сундука
399,Наша кляча,Второстепенный,Крестьянин,75 ОО20 крон или 50 крони если Геральт привел вороного коня
400,Нашедший забирает всё,Второстепенный,Ловкач,2500 ОО
401,Нашли а не украли,Второстепенный,Доска объявлений,75 ОО55 крон
402,Не везёт так не везёт,Второстепенный,Письмо,Содержимое сундука
403,Не доверяйте детям,Второстепенный,Доска объявлений,
404,Не играй с богами,Второстепенный,Неотправленное письмо,Содержимое сундука
405,Не ранняя пташка,Второстепенный,Рита Шапочка,1000 ОО
406,Не только орлы,Второстепенный,Записка,Содержимое сундука
407,Невеста для барда (квест),Второстепенный,Трубадур,25 ОО
408,Нежданное наследство,Второстепенный,Дневник Кнута Кройцмана,Содержимое сундука
409,Незнакомцы в ночи,Второстепенный,Доска объявлений,25 ОО
410,Незначительные проблемы,Второстепенный,Каменщик Харн,ПатПризракии привидения и проклятые души400 оренов8000 ОО
411,Необыкновенное вино,Второстепенный,Конрад,2 (3) бутылки Выдержанного вина2000 ОО
412,Неоплаченный долг,Второстепенный,Симун Зяблик,50 ОО
413,Неприкаянный дух (квест),Второстепенный,Хильдергарда Золсток,200 оренови 2500 ОО
414,Непрошенные гости,Второстепенный,Крестьянин,20 крон
415,Непрощённый,Основной,Доска объявлений,5500 ОО
416,Несвободный Новиград I,Второстепенный,ЛуссиВаллтер,Содержимое сейфа
417,Несвободный Новиград II,Второстепенный,Доска объявлений,100 
418,Несчастный случай,Второстепенный,Неотосланное письмо,ГарвальСлучайное содержимое сундука
419,Неуслышанная просьба,Второстепенный,Смятый лист,ГарвальОстальное содержимое сундука
420,Никогда не разговаривайте с неизвестными,Второстепенный,Дневник Августина Бочара,Содержимое сундука
421,Нильфгаардские сокровища,Второстепенный,Опись груза,Содержимое сундука
422,Нильфгаардский связной,Основной,Йеннифэр,100 
423,Нильфгаардский тайник,Второстепенный,Доска объявлений,25 
424,Нитинг (квест),Второстепенный,Объявление,Если Геральт убил Йону:60 крон25 ООЕсли Геральт согласился на предложение Йоны:75 ОО
425,Ниточка за иголочкой,Второстепенный,Таинственная карта,Содержимое сундука
426,Новиградское гостеприимство,Второстепенный,Доска объявлений,10 
427,О людях и чудовищах,Основной,Доска объявлений,500 оренови 4000 ОО
428,О рыцаре и прекрасной даме,Второстепенный,Якоб,250 Вознаграждение: 100 С тела Якоба: 369 
429,Обвалившийся мост,Основной,Доска объявлений,
430,Обелиски,Основной,Доска объявлений,1000 ОО
431,Обеспокоенная санитарка,Второстепенный,Медсестра,50 оренов2500 ОО
432,Обреченный на забвение,Второстепенный,Дневник капитана корабля,
433,Огонь небесный,Основной,Золтан Хивай,14000 ОО
434,Один на один: Флотзам,Второстепенный,Шеридан,Награда за бои
435,Око за око,Второстепенный,Вернон Роше,80 
436,Опасная игра,Второстепенный,Золтан Хивай,350 крон или 3 уникальные карты гвинта
437,Опасный груз,Второстепенный,Доска объявлений,10 ОО
438,Опиум для народа,Второстепенный,Пребен и Дагмар,Убийство или согласие с Всебогом:75 Убеждение Всебога:75  и 50 Упоминание о погребе:50  и 50 
439,Осада Вергена,Основной,Филиппа Эйльхарт,
440,Категория:Основные квесты,Второстепенный,Доска объявлений,
441,Остров Туманов (квест),Основной,Доска объявлений,4000 
442,Отзвук (квест),Основной,Регис,1000 
443,Охота за Младшим,Основной,Присцилла,950 
444,Охота на ведьму,Основной,Записки Гендрика,100 
445,Охота на Дикую Охоту,Второстепенный,Отшельник,Награда на выборМешочек с солью5000  ОО
446,Очень ценный рог,Второстепенный,Матиос,25 ОО20 крон
447,Очистить кладбище,Второстепенный,Доска объявлений,
448,Очищение огнём,Основной,Доска объявлений,18000 ОО
449,Падение дома Реардон,Второстепенный,Долорес,125 или 155 ОО100 флоренов
450,Паломничество,Второстепенный,Дедушка,2500 ОО
451,Память клинка,Второстепенный,Доска объявлений,Руна землии 2000 ОО
452,Память старых лет,Второстепенный,Брас из Бан Арда,Посох Оператора
453,Парниковый эффект,Второстепенный,Доска объявлений,50 Выращенные растения
454,Пейзаж после битвы,Основной,Доска объявлений,1000 
455,Пепел Вызимы,Основной,Фольтест,
456,Пепелища Аэдирна,Второстепенный,Доска объявлений,
457,Первые ростки зла,Основной,Доска объявлений,1650 400-450 
458,Перемена,Второстепенный,Письмо от ТриссПисьмо от Йеннифэр,Мутация
459,Песнь рыцарского сердца,Второстепенный,Пальмерин де Лонфаль,250  / 500-723  от Гильома / 200  за призовое место
460,Пещера Снов (квест),Второстепенный,Лугос Безумный/Лугос Синий,25-65 ООЕсли Геральт взял награду:80 крон
461,Пиво для рыбака,Второстепенный,Доска объявлений,
462,Пир для воронов,Второстепенный,Останки краснолюда неподалеку от «Шалфея и Розмарина»,Если Геральт дал ключ:20 кронЕсли Геральт не отдал ключ:50 крон200 флореновСапоги гвардейца
463,Плавучая тюрьма,Основной,Доска объявлений,
464,Плачь и плати,Второстепенный,Хочибор Пятка,Честность: 50  и Диплом законопослушного налогоплательщикаПреступление:150  и Счёт на оплату
465,Плоть на продажу,Второстепенный,Доска объявлений,50 
466,Плоть от плоти,Основной,Доска объявлений,
467,По воле богов и исполнительных дураков,Основной,Доска объявлений,
468,По воле короля,Основной,Доска объявлений,
469,По наклонной,Второстепенный,Сержант Орел,Ключ от канализации
470,По следам Цири,Основной,Доска объявлений,
471,По следу...,Основной,Доска объявлений,1000 
472,По стопам пророка Лебеды,Второстепенный,Доска объявлений,150  / 800 
473,По стопам пророка Лебеды: Вторая группа,Второстепенный,Доска объявлений,
474,По стопам пророка Лебеды: Первая группа,Второстепенный,Доска объявлений,
475,По стопам пророка Лебеды: Пятая группа,Второстепенный,Доска объявлений,
476,По стопам пророка Лебеды: Третья группа,Второстепенный,Доска объявлений,
477,По стопам пророка Лебеды: Четвертая группа,Второстепенный,Доска объявлений,
478,По тонкому льду,Основной,Аваллак'х,500 Гав'карМалый глиф Аарда
479,Побег из гетто,Основной,Доска объявлений,16000 ОО
480,Побег из Лос-Лебедас,Второстепенный,Доска объявлений,
481,Погребальные костры,Второстепенный,Доска объявлений,20-200 45-50 
482,Подготовка к битве,Основной,Йеннифэр,
483,Подземелья замка Ла Валетт (квест),Основной,Доска объявлений,
484,Подземная жизнь,Основной,Доска объявлений,
485,Подозреваемый: Вивальди,Второстепенный,Доска объявлений,3000 ОО
486,Подозреваемый: Винсент,Второстепенный,Геральт,4500 ООКольцо с печатью Городской стражи
487,Подозреваемый: Калькштейн,Второстепенный,Доска объявлений,3500 ОО
488,Подозреваемый: Леуваарден,Второстепенный,Доска объявлений,500 оренов3000 ОО
489,Подозреваемый: Могила,Второстепенный,Доска объявлений,3000 ОО
490,Подозреваемый: Талер,Второстепенный,Доска объявлений,3000 ОО
491,Подозреваемый: Торак,Второстепенный,Огден,
492,Покер с костями: легенда,Второстепенный,Фольтест,1000 ООСтавка
493,Покер с костями: новичок,Второстепенный,Набор игральных костей,Ставкаи 900 ОО
494,Покер с костями: профессионал,Второстепенный,Доска объявлений,1800 ОО
495,Покер с костями: шулер,Второстепенный,Доска объявлений,Cтавка2700 ОО
496,Покерный турнир,Второстепенный,Доска объявлений,
497,Помехи,Основной,Йеннифэр,600 ОО
498,Попасть в лечебницу,Основной,Доска объявлений,
499,Портретист,Второстепенный,Живописец,600  / 300 Трофей грифонаСтальной меч боклерского гвардейцаПортрет Геральта за 1000 
500,Последнее дело банды Селины,Второстепенный,Размокшее письмо,Содержимое сундука
501,Последнее желание (квест),Второстепенный,Йеннифэр,100 
502,Последнее испытание,Основной,Весемир,500 
503,Последнее испытание (Охотник на чудовищ),Второстепенный,Мастер-ведьмак,Медальон и бестиарий
504,Последние приготовления,Основной,Лютик,1000 
505,Последняя услуга (Велен),Второстепенный,Пожилая женщина,25 20 
506,Посольство из винного края,Основной,Доска объявлений,50 
507,Потерянные агнцы,Второстепенный,Зывик,
508,Похищенная в юности,Второстепенный,Доска объявлений,Если Геральт поговорил сначала с воином125 ООЕсли Геральт нашел сначала Курису75 ОО
509,Похмелье,Второстепенный,Синие Полоски,
510,Пошаговое обучение,Второстепенный,Доска объявлений,
511,Поэт в опале,Основной,Золтан Хивай,1000 ООПортрет Иерарха Хеммельфарта
512,Прелюдия к войне: Аэдирн,Основной,Доска объявлений,
513,Прелюдия к войне: Каэдвен,Основной,Доска объявлений,
514,Преступление и наказание,Второстепенный,Йорг,Если спасти Йорга:10 ОО
515,Привычка – вторая натура,Второстепенный,Наяда,Описание водяных и рыболюдей  или руна земли  или лечение от наяды  8000 ОО
516,Приглашение от Кейры Мец,Второстепенный,Кейра Мец,КсеновоксМагический светильник
517,Приговоренные к Дракенборгу,Второстепенный,Поблекшее письмо,Содержимое сундука
518,Приданое,Второстепенный,Неотосланное письмо,Содержимое сундука
519,Призрак и мрак,Второстепенный,Доска объявлений,
520,Призраки прошлого,Второстепенный,автоматически,125 ОО
521,Прикладная эскапология,Второстепенный,Дневник профессионального эскаполога,Содержимое сундука
522,Прогулка по берегу,Второстепенный,Доска объявлений,50 
523,Происшествие в Белом Саду,Основной,Автоматически,
524,Проклятая часовня,Второстепенный,Дневник пасторских визитов о. Радомира,
525,Проклятие Карнарвона,Второстепенный,Доска объявлений,Содержимое сундука
526,Проклятие крови,Основной,Доска объявлений,
527,Проклятый склад,Второстепенный,Доска объявлений,44 ОО60 крон
528,Пропавшие цыплята,Второстепенный,Янина,35 Если Геральт не будет убеждать приютить детей:20 
529,Пропавший без вести,Второстепенный,Доска объявленийДуни ВильдервертБастьен Вильдерверт,25 25 
530,Пропал человек,Основной,Йеннифэр,25 
531,Прорицатель правду скажет,Второстепенный,Доска объявлений,50 
532,Простое кольцо,Второстепенный,Доска объявлений,
533,Против Синих Полосок,Второстепенный,Шеридан,Отличный балансированый ножНакладки из стальных пластин
534,Прохода нет,Второстепенный,Доска объявлений,75 
535,Прошлое,Основной,Трисс Меригольд,11500 ОО
536,Пути Предназначения (Ведьмак),Основной,Беренгар,11000 ООКнига ГромаСлизь Дагона
537,Пути Предназначения (Кровь и Вино),Второстепенный,Отшельник,Арондит
538,Путь героев,Второстепенный,Гуннар,50 Кираса из Маг ДейрыЧертёж: Штурмовые перчаткиУкрепленная кожаГрибы-шибальцы
539,Равновесие в природе,Второстепенный,Доска объявлений,300-350 Рубайлы из Кринфрида:400 Стальной меч оруженосцаТрофей серебряного василискаБорис ди Сальварес:350 50  (опционально)
540,Разбиватель чар,Основной,Иорвет,500 ООСтилет Филиппы Эйльхарт
541,Разведка,Второстепенный,Доска объявлений,200 оренови 3500 ОО
542,Разыскивается,Второстепенный,Доска объявлений,600 оренови 2500 ОО
543,Расисты,Второстепенный,Доска объявлений,2000 ОО
544,Расплата,Основной,Цири,700 
545,Распутывая клубок,Второстепенный,Заказ: Чудовище в Обрезках,220 ООМалый рунный камень Триглав
546,Расследование,Второстепенный,Доска объявлений,
547,Редкая птица,Второстепенный,Цинтия,
548,Реконструкторы,Второстепенный,Гастон,300 250 
549,Родовой меч,Второстепенный,Доска объявлений в порту Каэр Трольде,75 ОО25 крон
550,Роза на красном поле,Второстепенный,Доска объявлений,200 
551,Роза памяти,Основной,Доска объявлений,
552,Роскошный приём,Основной,Доска объявлений,5000 ОО
553,Рыцарь-наёмник,Второстепенный,Рафаэль де'СюрманнДоска объявлений,300  / 1500 Трофей
554,С волками жить,Второстепенный,Доска объявлений,Бараний окорок и возможность ночевать в доме Пастуха
555,С трепещущим сердцем,Второстепенный,Элеас,
556,Самосуд,Второстепенный,Доска объявлений,25 ОО
557,Самый правдивый василиск,Второстепенный,Доска объявлений,25 ОО
558,Свободные эльфы,Основной,Доска объявлений,10000 ОО
559,Сезам откройся (Побочные эффекты),Второстепенный,Доска объявлений,
560,Сезам откройся! (Каменные Сердца),Основной,Доска объявлений,
561,Сезам откройся: Ведьмачьи приправы,Основной,Доска объявлений,190  за Аксий200  за подкуп
562,Сейчас или никогда,Второстепенный,Трисс Меригольд,
563,Секрет Беренгара,Второстепенный,Весемир,4500-6000 ОО
564,Секреты Вызимы,Основной,Доска объявлений,4500 ОО
565,Семейное состояние,Второстепенный,Письмо,Содержимое сундука
566,Сердце леса,Второстепенный,Доска объявлений,45  / 60 Если Геральт убил лешего:Сапоги убийцыТрофей лешегоМутаген из древнего лешего
567,Сердце Мелитэле,Второстепенный,Доска объявлений,
568,Символ веры,Основной,ДетмольдФилиппа Эйльхарт,
569,Символ ненависти,Основной,Саския,
570,Символ отваги,Основной,Детмольд,
571,Символ смерти,Основной,Доска объявлений,
572,Синеглазая девушка,Второстепенный,Доска объявлений,500 оренов6500 ОО
573,Сирень и крыжовник,Основной,Автоматически,250 
574,Скачки смельчаков: Во славу богини!,Второстепенный,Свана,50 ООЗерриканское седло
575,Скачки смельчаков: Каэр Трольде,Второстепенный,Свана,30 ОО80 кронЗерриканские шоры
576,Скачки смельчаков: Ферлунд,Второстепенный,Свана,25 ОО50 кронЗерриканские седельные сумки
577,Скачки смельчаков: Фирсдаль,Второстепенный,Свана,25 ОО50 кронКавалерийское седло
578,Скачки: быстрый как западный ветер,Второстепенный,Доска объявлений,100 Офирское седло кочевника
579,Скачки: Вроницы,Второстепенный,Радко,25 ОО90 крон + ставка Седло для скачекСедельные сумкиШоры
580,Скачки: Скачки Эразма Вегельбуда,Второстепенный,Приглашение на большие скачки,150 ОО1020 кронОтличное седло для скачекУкрепленные седельные сумкиОтличное кавалерийское седлоШоры для скачек
581,Скверный приём,Основной,Вернон Роше,
582,Сквозь время и пространство,Основной,Аваллак'х,2500 ОО
583,Сковорода как новая,Второстепенный,Старушка,8 Печеное яблоко - 5Хлеб - 5Яблочный сок - 5
584,Сколько веревочке не виться,Второстепенный,Петтер,50 ОО
585,Смертельный заговор,Второстепенный,Сигизмунд Дийкстра,25 ОО
586,Смертные грехи,Второстепенный,Лютик,600  Если убить Натаниэля Пастоди: Штаны следопытаЧертеж: Акетон с Ард СкеллигеЕсли убить Губерта Рейка:ДергдейтЧертёж: Сапоги убийцыМутаген из катаканаМалый рунный камень Сварог
587,Смерть в огне,Второстепенный,Доска объявлений,25 ОО20 крон
588,Смерть предателю!,Основной,Вернон Роше,
589,Собачья жизнь,Второстепенный,Дружелюбная собака,Содержимое сундука
590,Собрать полную коллекцию карт,Второстепенный,Автоматически,
591,Сокровища в руинах,Второстепенный,Таинственная карта,Содержимое сундука
592,Сокровища графа Ройвена,Основной,Сигизмунд Дийкстра,400 ОО90 крон
593,Сокровища королевы Зулейки,Второстепенный,Записки пирата,Содержимое сундука
594,Сокровища тюремной камеры,Второстепенный,Запискии найденные в тюрьме Туссента,Тюремный плакат
595,Сокровище Железного Бока,Второстепенный,Записки о сокровищах,Гинваэль АэддСодержимое сундука
596,Солдатское братство (квест),Второстепенный,Доска объявлений,
597,Солнечный камень (квест),Основной,Аваллак'х,500 
598,Сомнительное дело,Второстепенный,Харен Брогг,2500 ОО
599,Сон в большом городе,Основной,Трисс Меригольд,100 
600,Соседская ссора,Второстепенный,Доска объявлений,50 ОО
601,Список блудниц,Основной,Корина Тилли,1250 
602,Спонсор,Второстепенный,Эверденом из Ринды,от 1 до 6 оренов за орган (шт)
603,Спрятаны от всего мира,Второстепенный,Письмо,Содержимое сундука
604,Старые счёты,Второстепенный,БартонЗильгарт,
605,Старый знакомый,Второстепенный,Маркус Т.К. Ходгсон,50 51 
606,Статуэтка дворянина,Второстепенный,Нефритовая статуэтка,50 ОО30 кронМалый глиф Игни
607,Статуэтка солдата,Второстепенный,Нефритовая статуэтка,
608,Сторожевой пёс (квест),Второстепенный,Доска объявлений,
609,Страдания юного Франсуа,Второстепенный,Дневник самоубийцы,Ценности повешенного
610,Странники в ночи,Основной,Харен Брогг,200 оренов4000 ОО
611,Суеверная,Второстепенный,Доска объявлений,250+ ореновОжерелье с изображением Лары Доррен
612,Сыр и тёмные силы,Второстепенный,Торговец в Новиграде или при посещение разрушенной усадьбы Аэрамаса,Эмменталь40 
613,Таинственная башня,Основной,Калькштейн,1000 оренов3500 ОО
614,Таинственный сад,Основной,Одо,100 оренов4000 ОО
615,Таинственный торговец,Второстепенный,Низушек-торговец,35 
616,Тайна исчезнувшей ложки,Второстепенный,Ложка-ключ,Содержимое сундука
617,Тайная жизнь графа Ромиллы,Второстепенный,Доска объявлений,Содержимое сундука
618,Тайная пристань,Второстепенный,Записки нильфгаардца,Содержимое сундука
619,Тайны глубин,Второстепенный,Записочка,ДевинСодержимое сундука
620,Тайны Лок Муинне,Второстепенный,Доска объявлений,
621,Талисман (квест),Второстепенный,Доска объявлений,
622,Танго втроем,Второстепенный,Трисс и Йеннифер,30 опыта
623,Темерские ценности,Второстепенный,после прочтения пропитанных кровью военных приказов,Найденные сокровища
624,Темней всего под фонарем,Основной,Трисс Меригольд,500 
625,Темное достояние,Второстепенный,Доска объявлений,Содержимое сундука
626,Теория заговора,Основной,Доска объявлений,
627,Тесхам Мутна (квест),Основной,Доска объявлений,1000 
628,Травы для богини,Второстепенный,Ниркой,от 3 до 6 оренов
629,Трофеи с поля боя,Второстепенный,Смятая записка,Содержимое сундука
630,Тюремный эксперимент,Второстепенный,Дневник канцеляриста,Содержимое сундука
631,Тяжёлое наследие прошлого,Второстепенный,Деклан Леуваарден,200 оренов2000 ОО
632,Тяжелые времена,Второстепенный,Доска объявлений,Если Геральт скрыл правду:25 Если Геральт честен:25  / 20 
633,Убийцы королей (квест),Основной,Доска объявлений,
634,Убить утопцев,Основной,Доска объявлений,
635,Узы крови,Второстепенный,Доска объявлений,10  / 50 
636,Упражнения в высшей алхимии,Второстепенный,Гремист,320 Сера — 5 едиАлкагест — 5 едиВолокна хана — 5 едиСелитра — 5 еди
637,Упырь в амфитеатре,Второстепенный,Дневники пахнущий духами,Содержимое сундука
638,Уродец,Основной,Доска объявлений,950 
639,Уроки фехтования,Второстепенный,Розой вар Аттре,25 ОО
640,Услуга для Радовида,Второстепенный,Радовид V Свирепый,50 
641,Утонувшее богатство,Второстепенный,Поврежденное водой письмо,Содержимое сундука
642,Фальшивые бумаги,Второстепенный,Доска объявлений,30 Подорожная грамота
643,Филиберт всегда платит по счетам,Второстепенный,Доска объявлений,Содержимое сундука
644,Хвала Фрейе!,Второстепенный,Записки странствующего купца,Д'ИабльДругое содержимое сундука
645,Хвост Саламандры,Основной,Доска объявлений,4000 ОО
646,Хищная виверна,Второстепенный,Главный Королевский Ловчий,600 оренов5000 ОО
647,Хлеб насущный,Второстепенный,Торувьель,8000 ОО
648,Хозяйки Леса (квест),Основной,Доска объявлений,
649,Цветы и золото,Второстепенный,Лойза Болт,200 оренови 3200 ОО
650,Целебный отвар,Второстепенный,Доска объявлений,
651,Цена чести,Второстепенный,Тиммон,75 Если ведьмак не отдал приданое:Золотое ожерелье с бриллиантом
652,Ценный груз,Второстепенный,Ян Геермер,20/30/50 25/10 Ласточкина трава - 5 шт.
653,Церемония,Основной,Доска объявлений,400  / 5000 Орден Vitis Vinifera
654,Чёрная жемчужина (квест),Второстепенный,Нидас,10 крон
655,Чёрная работа,Второстепенный,Доска объявлений,
656,Чёртов суп,Второстепенный,Доска объявлений,
657,Часовой,Основной,Доска объявлений,Обсидиановое сердце големаи Сефирот Нецахи 2500 ОО
658,Чемпион кулачных боёв,Второстепенный,Доска объявлений,200  / 150 — 300 Трофей за победу в кулачных боях
659,Черная вдова,Второстепенный,Письмо Паскалю Полисье,Найденные сокровища
660,Что скрыто от глаз,Основной,Геральт из Ривии,4500 ОО
661,Что-то кончается что-то начинается (квест),Основной,Доска объявлений,1000 
662,Чудовище из канализации,Второстепенный,Винсент Мэйс или ловчий,400 оренов3000 ОО
663,Чудовище из озера,Второстепенный,Доска объявлений,200 оренов1000 ОО
664,Чужой среди чужих,Второстепенный,Кори и Краки,
665,Шепчущий холм,Основной,Ведьмы с Кривоуховых болот,
666,Шесть футов под землёй,Второстепенный,Зигфрид из Денесле,400 оренов6500 ОО
667,Шоковая терапия,Второстепенный,Друид близ Гединейта,75 ООГвинт-карта Иорвета
668,Штурм Вергена,Основной,Хенсельт,
669,Штурм Дун Тынне (квест),Основной,Доска объявлений,3000 
670,Экспонаты,Второстепенный,Доска объявлений,650 оренов
671,Эликсир для Трисс,Основной,Весемир,5000 или 8000 (Enhanced Edition) ОО
672,Эхо Минувших Дней,Второстепенный,Яевинн,300 оренов6500 ОО
673,Эхо прошлого,Основной,Йеннифэр,25 ОО
674,Ясная полночь,Второстепенный,Доска объявлений,300 
675,Контракт на накеров 2,Второстепенный,Доска объявлений,150 оренов75 ОО
676,Лилии и змеи 2,Второстепенный,Доска объявлений,
677,Дела государственной важности 2,Второстепенный,Доска объявлений,
678,Контракт на археспор 2,Второстепенный,После прочтения доски объявлений,200 оренов5000 ОО
679,В гостях хорошо... 2,Основной,Геральт из Ривии,1000 
680,Вопрос жизни и смерти (Ведьмак 3) 2,Второстепенный,Трисс Меригольд,
681,Манускрипт (квест) 2,Второстепенный,Доска объявлений,
682,Коллекционер 2,Второстепенный,Яромир,500 крони трофейи взятый с шарлея
683,Ведьмачьи секреты 2,Основной,Смерть Лео,10000 ОО
684,Голодные игры 2,Второстепенный,Доска объявлений,Золотой жезл радости460 
685,Игра в покер: Верген 2,Второстепенный,Доска объявлений,
686,Заказ: Пропавший брат 2,Второстепенный,Доска объявлений,Трофей главоглазаЕсли Геральт использует Аксий:200 280-390 Если Геральт сказали что рисковал жизнью:20084 Если Геральт отказался от награды:300 
687,Клубок разматывается 2,Основной,Доска объявлений,5000 ОО100 оренов
688,Людоед 2,Второстепенный,При осмотре одинокой хижины,2000 ОО или алхимическая ртутьРецепт яда повешенного1000 ОО
689,Грустная история братьев Гроссбарт 2,Второстепенный,Джанго Фретт,Совместная работа:25  50 Одинокий Волк:50  20 
690,Категория:Квестовые предметы 2,Второстепенный,Доска объявлений,
691,Борьба с искушением 2,Второстепенный,Жена кузнеца,Жена: О растениях бесплодных земельи 8000 ООКузнец: Метеоритная руда или 500 оренови 8000 ОО
692,Заказ: Пропавший брат 2,Второстепенный,Доска объявлений,Трофей главоглазаЕсли Геральт использует Аксий:200 280-390 Если Геральт сказали что рисковал жизнью:20084 Если Геральт отказался от награды:300 
693,Время жатвы 2,Основной,Васка,Псалмы безумия и отчаяния5000 ОО
694,На ощупь 2,Основной,Кейра Мец,350 
695,История Цири. Визит к Младшему 2,Основной,Ублюдок Младший,
696,Гнусное предложение 2,Основной,Бернард Лоредо,
697,Копьё судьбы 2,Основной,Доска объявлений,
698,Бери что хочешь 2,Второстепенный,Доска объявлений,250 кронТейгрПисьмо к Гаэтану
699,Грустная история братьев Гроссбарт 2,Второстепенный,Джанго Фретт,Совместная работа:25  50 Одинокий Волк:50  20 
700,Боклерское сафари 2,Второстепенный,Доска объявлений,250  / 280 
701,Контракт на археспор 2,Второстепенный,После прочтения доски объявлений,200 оренов5000 ОО
702,Баллиста (квест) 2,Второстепенный,Вернон Роше,
703,Главный свидетель 2,Второстепенный,Бригида Пепеброк,
704,Народный герой 2,Второстепенный,Доска объявлений,100  / 0 или 50 Фигурка Режинальда (опционально)
705,Коллекционер 2,Второстепенный,Яромир,500 крони трофейи взятый с шарлея
706,Братья по оружию. Велен 2,Основной,Доска объявлений,
707,Мешок перьев 2,Второстепенный,Эльтоном,400 ореновТрофей для Эльтона
708,Заклинание: Стартовый капитал 2,Второстепенный,Доска объявлений,5000 
709,Борьба на руках: Верген 2,Второстепенный,Доска объявлений,
710,Король умер да здравствует король 2,Основной,Крах ан Крайт,1050 ОО
711,Красавица и чудовище 2,Второстепенный,Кармен,6000 ОО
712,Ведьмачьи древности: улучшения Школы Волка I 2,Второстепенный,Хорошо сохранившиеся заметки Иеронимуса о ведьмаке Эльгаре,Чертежи улучшенного снаряжения Школы Волка
713,Затопленный сундук 2,Второстепенный,Запискии испачканные кровью,Деитвен
714,Veni Vidi Vigo 2,Основной,Йеннифэр,200 
715,На ярком солнце 2,Основной,Доска объявлений,10000 ОО400 оренов
716,Из далекого Офира 2,Второстепенный,Доска объявлений,Чертёж: Офирские шароварыЧертёж: Офирские перчаткиЧертёж: Офирский доспехЧертёж: Офирские сапоги
717,Контракт на эхинопсов (Обманки) 2,Второстепенный,Доска объявлений,
718,История Цири. Король волков 2,Основной,Автоматически,100 
719,Истина в пиве 2,Второстепенный,Доска объявлений,Квадратная монета
720,Кулачный бой (Кровь и Вино) 2,Второстепенный,Доска объявлений,Колосс — 200 (500) Тихий Омут — 200 Швабра — 200 
721,К монастырю! 2,Основной,Фольтест,
722,Категория:Второстепенные квесты 2,Второстепенный,Доска объявлений,
723,Лютня Лютика (квест) 2,Второстепенный,Лютик (опционально),6500 ОО
724,Логово бестии 2,Основной,Доска объявлений,
725,Наперегонки со временем 2,Основной,Доска объявлений,
726,В поисках магии 2,Основной,Филиппа Эйльхарт,
727,Контракт на яйца виверн 2,Второстепенный,После прочтения доски объявлений,5000 ОО250 оренов
728,Мелисса 2,Основной,Доска объявлений,
729,Её Высочество стрыга 2,Основной,Доска объявлений,Если Геральт снял проклятие:Жажда стрыги17000 ООД'Иабль
730,Ведьмачьи древности: Гроссмейстерский доспех Школы Кота 2,Второстепенный,Лазарь Лафарг,Гроссмейстерские чертежи снаряжения Школы Кота
731,Контракт на призраков 2,Второстепенный,после прочтения доски объявлений,300 оренов7000 ОО
732,Красавица и чудовище 2,Второстепенный,Кармен,6000 ОО
733,Магический светильник (квест) 2,Второстепенный,Кейра Мец,100 ОО
734,Драгоценный груз 2,Второстепенный,Записки путешественника,Содержимое сундука
735,Аудиенция 2,Основной,Автоматически,
736,Крыса (квест) 2,Второстепенный,Кирпич,100 или 600 оренов2500 ОО
737,Логово бестии 2,Основной,Доска объявлений,
738,Контракт на цеметавров 2,Второстепенный,После прочтения доски объявлений,250 оренов7000 ОО
739,Беда с троллем 2,Второстепенный,Хораб,100-200 оренов
740,Народный герой 2,Второстепенный,Доска объявлений,100  / 0 или 50 Фигурка Режинальда (опционально)
741,Горе побеждённым 2,Второстепенный,Доска объявлений,
742,Грабеж на большаке 2,Второстепенный,Доска объявлений,
743,Дикое сердце 2,Второстепенный,Доска объявлений,50 
744,Заказ: Призрак тракта 2,Второстепенный,Доска объявлений,300 279 Трофей виверныАнафема
745,Дела государственной важности 2,Второстепенный,Доска объявлений,
746,История Цири. Визит к Младшему 2,Основной,Ублюдок Младший,
747,Ведьмачьи секреты 2,Основной,Смерть Лео,10000 ОО
748,Именем Темерии! 2,Основной,Доска объявлений,
749,Встреча на высшем уровне 2,Второстепенный,Доска объявлений,
750,Мастер арены 2,Второстепенный,Гуннар,60 ОО35 крон
751,Винные войны: Бельгаард 2,Второстепенный,Доска объявлений,Матильда де Верментино:900 — 1216 Лиам де Короната и Матильда (как консорциум):900 — 1346 Лиам и Матильда (как пара):900 — 1235 150 Именное вино Геральта
752,Дворянин из Цинтры 2,Основной,Доска объявлений,1500 
753,Дела семейные 2,Основной,Автоматически,200 
754,Заказ виноделов: Склад на Тихом берегу 2,Второстепенный,Доска объявлений,100  / 150 — 218 
755,Ведьмачьи древности: улучшения Школы Медведя II 2,Второстепенный,Вторая карта Ибрагима Сави,Чертежи улучшенного снаряжения Школы Медведя
756,Категория:Квестовые предметы 2,Второстепенный,Доска объявлений,
757,Кто сеет ветер... 2,Основной,Автоматически,300 Сторона о'Дима:Награда по выбору:Бездонный графинЧепрак скорбиРог изобилия5000 Информация о Цири[1]Сторона Ольгерда: Ирис
758,Мертвецы безоружны 2,Второстепенный,Записки разбойника,УльтиматумДругое содержимое сундука
759,Мистическая река 2,Второстепенный,Доска объявлений,
760,Заказ: Дом с привидениями 2,Второстепенный,Заказ: Дом с привидениями,325 ОО267-399 кронТрофей элементаляСорвишапка
761,Волчица (квест) 2,Основной,Доска объявлений,
762,Забытые воспоминания 2,Основной,Микула,200 оренов4000 ОО
763,Наша кляча 2,Второстепенный,Крестьянин,75 ОО20 крон или 50 крони если Геральт привел вороного коня
764,Защитник веры 2,Второстепенный,Крестьянка,50 
765,Заклинание: Стартовый капитал 2,Второстепенный,Доска объявлений,5000 
766,На ярком солнце 2,Основной,Доска объявлений,10000 ОО400 оренов
767,Безымянный 2,Основной,Йеннифэр,200 ООДлинный меч со Спикероога
768,История Цири. Сломя голову 2,Основной,Лютик,5 ОО
769,Кейран (Квест) 2,Основной,Доска объявлений,
770,Контракт на археспор 2,Второстепенный,После прочтения доски объявлений,200 оренов5000 ОО
771,Башня из ниоткуда 2,Второстепенный,Жители деревни,Лунный клинок50 Если Геральт принял награду от жителей:65 
772,Курьерская доставка 2,Второстепенный,Ростан Муггс,25  / 20 
773,Испытание огнём 2,Основной,Доска объявлений,
774,Игра в покер: Каэдвенский лагерь 2,Второстепенный,Доска объявлений,
775,Лучший друг людей 2,Второстепенный,Доска объявлений,10 ООКуклаВ облике зверя
776,Голодные игры 2,Второстепенный,Доска объявлений,Золотой жезл радости460 
777,Клиент всегда прав 2,Второстепенный,Доска объявлений,Немедленно — 200 Неделя — 500 Счетовод
778,Tedd Deireadh. Час конца 2,Основной,Йеннифэр,1000 
779,История Цири. Скачки 2,Второстепенный,Во время прохождения квеста "Дела семейные",
780,Высокие ставки 2,Второстепенный,Писарь в Пассифлоре,4500 Карты лидеров фракций
781,Во имя великой цели! 2,Основной,Доска объявлений,
782,Вопрос жизни и смерти (Ведьмак 3) 2,Второстепенный,Трисс Меригольд,
783,Ведьмачьи древности: Гроссмейстерский доспех Школы Кота 2,Второстепенный,Лазарь Лафарг,Гроссмейстерские чертежи снаряжения Школы Кота
784,Ведьмачьи древности: Гроссмейстерский доспех Школы Мантикоры 2,Второстепенный,Лазарь Лафарг,Чертежи базового снаряжения Школы Мантикоры
785,К монастырю! 2,Основной,Фольтест,
786,Людоед 2,Второстепенный,При осмотре одинокой хижины,2000 ОО или алхимическая ртутьРецепт яда повешенного1000 ОО
787,Игры разума 2,Основной,Доска объявлений,
788,Где же Трисс? 2,Основной,Доска объявлений,
789,Дворянин из Цинтры 2,Основной,Доска объявлений,1500 
790,Мышиная башня 2,Второстепенный,Кейра Мец,Отказ от предложения Анабелль: 600 Согласие взять останки Анабелль: 400 Просмотр всех 6 сцен с призраками (опционально): 350 
791,Коронация 2,Второстепенный,Крах ан Крайт,200 
792,Гномье устройство 2,Второстепенный,Доска объявлений,9000 ОО
793,Мелисса 2,Основной,Доска объявлений,
794,История Цири. Король волков 2,Основной,Автоматически,100 
795,Заказ виноделов: Котий хребет 2,Второстепенный,Доска объявлений,150  / 200 — 289 
796,Курьерская доставка 2,Второстепенный,Ростан Муггс,25  / 20 
797,Борьба на руках: Флотзам 2,Второстепенный,Доска объявлений,
798,Испытание огнём 2,Основной,Доска объявлений,
799,Ведьмачьи древности: улучшения Школы Медведя III 2,Второстепенный,Третья карта Ибрагима Сави,Чертежи отличного снаряжения Школы Медведя
800,Красная Шапочка (квест) 2,Второстепенный,Крестьяне,Если Геральт не убил Волчицу:25 ОО20 кронЕсли Геральт убил Волчицу:50 ОО10 крон
801,Заказ: Белая дама 2,Второстепенный,Заказ: Белая Дама,260 ОО246-348 кронТрофей полуденицыДеитвен
802,История Цири. Сломя голову 2,Основной,Лютик,5 ОО
803,Братья по оружию. Нильфгаард 2,Основной,Доска объявлений,
804,Вампирица с болот 2,Второстепенный,Главный Королевский Ловчий,1000 оренови 10000 ОО
805,Ведьмачьи древности: улучшения Школы Грифона IV 2,Второстепенный,Четвертая карта Эдвина Грелоффа,Чертежи мастерского снаряжения Школы Грифона
806,Встреча Чародеев 2,Основной,Геральт,
807,Забытые воспоминания 2,Основной,Микула,200 оренов4000 ОО
808,Круги на воде 2,Основной,Доска объявлений,Арондити 10000 ОО
809,Заказ: Пропавший сын 2,Второстепенный,Доска объявлений,300  / 273-390 Трофей бесаДлинный коготьМутаген из беса
810,Кровавое золото 2,Второстепенный,Запятнанное кровью письмо,Содержимое сундука
811,Братья по оружию. Новиград 2,Основной,Доска объявлений,
812,Беда тролля 2,Второстепенный,Автоматически,25 Голова эльфа
813,Вылитый ведьмак 2,Второстепенный,Староста Залипья,75 
814,Pacta Sunt Servanda 2,Второстепенный,Граф Маравель,
815,Tedd Deireadh. Час конца 2,Основной,Йеннифэр,1000 
816,Дом с привидениями (Ведьмак) 2,Второстепенный,Доска объявлений,1500 ОО
817,Игры кошек и волков 2,Второстепенный,Доска объявлений,250 
818,Анатомия преступления 2,Основной,Доска объявлений,3500 ОО
819,Круги на воде 2,Основной,Доска объявлений,Арондити 10000 ОО
820,Аудиенция 2,Основной,Автоматически,
821,Белый клык 2,Второстепенный,Доска объявлений,600 оренов5000 ОО
822,Контракт на виверн 2,Второстепенный,После прочтения доски объявлений,200 оренов5000 ОО
823,Долг 2,Основной,Автоматическии в начале приключения.,
824,Глиняные ямы (квест) 2,Основной,Васка,Сефирот Хеседи 2500 ОО
825,Меч голод и предательство 2,Второстепенный,Письмои написанное кровью,Содержимое сундука
826,И пришёл дракон 2,Основной,Доска объявлений,
827,Волчица (квест) 2,Основной,Доска объявлений,
828,Мечи и вареники 2,Второстепенный,Эйвар Хаттори,Меч из Обрезков
829,Вышибала 2,Второстепенный,Куртизанка,25 ОО15 крон
830,Кулачный бой (Кровь и Вино) 2,Второстепенный,Доска объявлений,Колосс — 200 (500) Тихий Омут — 200 Швабра — 200 
831,Золотые кулаки 2,Второстепенный,Доска объявлений,
832,Именем Темерии! 2,Основной,Доска объявлений,
833,Кулаки ярости: Чемпион Чемпионов 2,Второстепенный,Доска объявлений,50 ОО90 кронЧертеж: Укротитель
834,Ведьмачьи древности: улучшения Школы Кота III 2,Второстепенный,Третья карта Адальберта Кермита,Чертежи улучшенного снаряжения Школы Кота
835,Кукла (квест) 2,Основной,Доска объявлений,
836,Ведьмачьи древности: Гроссмейстерский доспех Школы Волка 2,Второстепенный,Лазарь Лафаргдневник Изабель Дюшамп,300  / 500 Гроссмейстерские чертежи снаряжения Школы Волка
837,Заказ: Морские дьяволы 2,Второстепенный,Доска объявлений,250-352  / 250 Трофей водной бабы Дневная звездаЕсли Геральт попросил надбавку: 100 
838,Беда тролля 2,Второстепенный,Автоматически,25 Голова эльфа
839,Кредит доверия 2,Второстепенный,Доска объявлений,После второй встречи:20 Если не выдавать мошенника: 50  / 50 
840,Мышиная башня 2,Второстепенный,Кейра Мец,Отказ от предложения Анабелль: 600 Согласие взять останки Анабелль: 400 Просмотр всех 6 сцен с призраками (опционально): 350 
841,Встреча на высшем уровне 2,Второстепенный,Доска объявлений,
842,Дипломатия и Охота 2,Основной,Иерофант,5000 ОО
843,Голоден как волк 2,Второстепенный,Дейдра Адемейн,Рунный камень Сварога
844,Владыка Ундвика 2,Второстепенный,Крах ан Крайт,600 
845,Контракт на яйца виверн 2,Второстепенный,После прочтения доски объявлений,5000 ОО250 оренов
846,Мастер-бронник 2,Второстепенный,Иоанна,Доспех Охотников за колдуньямиЧертеж: Кираса из Маг Дейры
847,Ведьмачьи древности: Гроссмейстерский доспех Школы Медведя 2,Второстепенный,Лазарь Лафарг,Гроссмейстерские чертежи снаряжения Школа Медведя
848,Ведьмачьи древности: улучшения Школы Кота III 2,Второстепенный,Третья карта Адальберта Кермита,Чертежи улучшенного снаряжения Школы Кота
849,Больно не будет 2,Второстепенный,Захин Шмарц,Махакамский рунный сигиль875 оренов9000 ОО
850,Заказ: Медоносный призрак 2,Второстепенный,Доска объявлений,225  / 249-279 Трофей гончей Дикой Охоты
851,Мышиная башня 2,Второстепенный,Кейра Мец,Отказ от предложения Анабелль: 600 Согласие взять останки Анабелль: 400 Просмотр всех 6 сцен с призраками (опционально): 350 
852,Veni Vidi Vigo 2,Основной,Йеннифэр,200 
853,Винные войны: Короната 2,Второстепенный,Лиам де Короната,100  / 700 — 956 
854,Винные войны: Верментино 2,Второстепенный,Матильда де Верментино,100  / 700 — 981 
855,Маленькие сёстры 2,Второстепенный,Маврик,
856,Заказ: Бестия 2,Второстепенный,Доска объявлений,250  / 520-749 Трофей накера-воинаДевин
857,Кейран: Тенекост 2,Основной,Доска объявлений,
858,Зов крови 2,Основной,Доска объявлений,100040 за Аксий
859,Контракт на яг 2,Второстепенный,После прочтения доски объявлений,150 или 300 оренови 5000 ОО
860,Контракт на фледеров 2,Второстепенный,После прочтения доски объявлений,250 оренов5000 ОО
861,Кровавый Барон (квест) 2,Основной,После прочтения заметок Гендрика,
862,Кладбищенские гиены 2,Второстепенный,Альбин Харт,50 Если Альбин жив: 50 Если Альбин мертв: 20 
863,Гуси гуси га-га-га! 2,Второстепенный,Доска объявлений,250 Золотое яйцо
864,Лавка благовоний 2,Второстепенный,Доска объявлений,
865,Кости Великого Нищего (квест) 2,Второстепенный,Доска объявлений,150 
866,Кровавый Барон (квест) 2,Основной,После прочтения заметок Гендрика,
867,Заказ на гаргулий 2,Второстепенный,Доска объявлений,200 оренов150 ОО
868,Горькое возвращение 2,Второстепенный,Доска объявлений,
869,Деньги не пахнут 2,Второстепенный,Письмо Козьме Кириллу,Содержимое сундука
870,Манускрипт (квест) 2,Второстепенный,Доска объявлений,
871,Мародёры 2,Второстепенный,Мародеры,72 ОППлакальщик
872,Контракт на гнильцов 2,Второстепенный,Доска объявлений/Проксим,200 Оренов100 ОО
873,На помощь Княжне 2,Основной,Ворожей,100 ОО
874,Дудник 2,Основной,Доска объявлений,
875,Ведьмачьи древности: улучшения Школы Медведя I 2,Второстепенный,Вторая карта Ибрагима Сави,Чертежи улучшенного снаряжения Школы Медведя
876,Малена (квест) 2,Второстепенный,Малена,
877,Контракт на гулей от Калькштейна 2,Второстепенный,После прочтения доски объявлений,Книга «Основы алхимии»100 оренов3000 ОО
878,Контракт на сколопендроморфов 2,Второстепенный,После прочтения доски объявлений,250 оренови 5000 ОО
879,Вызимские связи 2,Основной,Юз,200 оренови 5000 ОО
880,Избранник богов 2,Второстепенный,Крах ан Крайт,750 Если Геральт убил хима:Сапфировая пыльПризрачная пыльЭссенция призрака
881,Кулаки ярости: Велен 2,Второстепенный,Доска объявлений,75  / 160 Ставки
882,Вся королевская рать 2,Основной,Трисс Меригольд,4500 ОО
883,Ведьмачьи древности: снаряжение Школы Волка 2,Второстепенный,Слегка надорванные заметки Иеронимуса о ведьмаке Эльгаре,Чертежи базового снаряжения Школы Волка
884,Враг народа 2,Второстепенный,Радовид V Свирепый,50 ОО135 крон
885,Заказ: Медоносный призрак 2,Второстепенный,Доска объявлений,225  / 249-279 Трофей гончей Дикой Охоты
886,Ведьмачьи древности: Гроссмейстерский доспех Школы Мантикоры 2,Второстепенный,Лазарь Лафарг,Чертежи базового снаряжения Школы Мантикоры
887,Заказ на гаргулий 2,Второстепенный,Доска объявлений,200 оренов150 ОО
888,На перепутье: Вернон Роше 2,Основной,Доска объявлений,
889,Долгая ночь 2,Основной,Анна Генриетта,800 
890,Контракт на баргестов 2,Второстепенный,После прочтения доски объявлений,100&nbsp 2 Корень мандрагоры 2000 ОО
891,Благодарность могильщика 2,Второстепенный,Могильщик,1500 ОО
892,Контракты на чудовищ 2,Второстепенный,Доска объявлений,
893,Дневник Даэрхенны 2,Второстепенный,Доска объявлений,
894,Кейран:Вопрос цены 2,Основной,Доска объявлений,1500-2000 оренов
895,Людоед 2,Второстепенный,При осмотре одинокой хижины,2000 ОО или алхимическая ртутьРецепт яда повешенного1000 ОО
896,Владыка Ундвика 2,Второстепенный,Крах ан Крайт,600 
897,Анатомия преступления 2,Основной,Доска объявлений,3500 ОО
898,Заказ: Призрак тракта 2,Второстепенный,Доска объявлений,300 279 Трофей виверныАнафема
899,Борьба с искушением 2,Второстепенный,Жена кузнеца,Жена: О растениях бесплодных земельи 8000 ООКузнец: Метеоритная руда или 500 оренови 8000 ОО
900,Ведьмачьи древности: Гроссмейстерский доспех Школы Грифона 2,Второстепенный,Лазарь ЛафаргРапорт капитана Фирабраса,Гроссмейстерские чертежи снаряжения Школы Грифона
901,Игра в покер: Лок Муинне 2,Второстепенный,Доска объявлений,
902,Игра в покер: Флотзам 2,Второстепенный,Доска объявлений,СтавкиЧертёж: КогтезубЧертёж: ПожарищеЧертёж: БешенствоСушеная голова тролля
903,Братская любовь 2,Второстепенный,Доска объявлений,300  / 300 — 430 100  от Гюго Моннара
904,Моя старая знакомая 2,Второстепенный,Шани,3000 ОО
905,Гвинт: колода Скеллиге 2,Второстепенный,Мартин МоньеДоска объявлений корчмы «Куролиск»,Колода: Скеллиге
906,История Цири. Визит к Младшему 2,Основной,Ублюдок Младший,
907,Заказ виноделов: Пещера Шепота 2,Второстепенный,Доска объявлений,100  / 150-204 
908,Безопасная пристань 2,Второстепенный,Деклан Леуваарден,400 оренови 2500 ОО
909,Военный совет 2,Основной,Доска объявлений,
910,История Цири. Скачки 2,Второстепенный,Во время прохождения квеста "Дела семейные",
911,Логово бестии 2,Основной,Доска объявлений,
912,Зов крови 2,Основной,Доска объявлений,100040 за Аксий
913,Заблудшая овца 2,Второстепенный,Васка,3500 ОО
914,Ведьмачьи древности: Гроссмейстерский доспех Школы Медведя 2,Второстепенный,Лазарь Лафарг,Гроссмейстерские чертежи снаряжения Школа Медведя
915,Наследство 2,Второстепенный,Старое пожелтевшее письмо,Кровавый мечСодержимое сундука
916,Лютня Лютика (квест) 2,Второстепенный,Лютик (опционально),6500 ОО
917,Вооруженное нападение 2,Второстепенный,Доска объявлений,25 ОО
918,Вопрос жизни и смерти (Ведьмак 3) 2,Второстепенный,Трисс Меригольд,
919,Карта (квест) 2,Основной,Доска объявлений,
920,Вопрос жизни и смерти (Ведьмак 3) 2,Второстепенный,Трисс Меригольд,
921,Винные войны: Верментино 2,Второстепенный,Матильда де Верментино,100  / 700 — 981 
922,Ведьмачьи древности: Гроссмейстерский доспех Школы Грифона 2,Второстепенный,Лазарь ЛафаргРапорт капитана Фирабраса,Гроссмейстерские чертежи снаряжения Школы Грифона
923,Заказ: Белая дама 2,Второстепенный,Заказ: Белая Дама,260 ОО246-348 кронТрофей полуденицыДеитвен
924,Золото дезертиров 2,Второстепенный,Доска объявлений,
925,Грабеж на большаке 2,Второстепенный,Доска объявлений,
926,Дела государственной важности 2,Второстепенный,Доска объявлений,
927,Муза воспой ведьмака... 2,Второстепенный,Адриен де Руло,120 — 178 
928,В волчьей шкуре 2,Второстепенный,Йоста,От заказчицы:50 85 От ростовщика:ДеитвенВырванная страница: Отвар из волколакаЕсли Моркварг съел своё мясо:Сальмийская бригантина
929,Великое ограбление банка 2,Основной,Доска объявлений,9000 ОО
930,Категория:Квесты (Ведьмак 3) 2,Второстепенный,Доска объявлений,
931,Заказ: Медоносный призрак 2,Второстепенный,Доска объявлений,225  / 249-279 Трофей гончей Дикой Охоты
932,Именем Темерии! 2,Основной,Доска объявлений,
933,Круги на воде 2,Основной,Доска объявлений,Арондити 10000 ОО
934,Встреча на высшем уровне 2,Второстепенный,Доска объявлений,
935,Красавица и чудовище 2,Второстепенный,Кармен,6000 ОО
936,Контракт на гравейров 2,Второстепенный,После прочтения доски объявлений,200 оренови 5000 ОО
937,Малена (квест) 2,Второстепенный,Малена,
938,Истина в пиве 2,Второстепенный,Доска объявлений,Квадратная монета
939,Ведьмачьи древности: снаряжение Школы Грифона 2,Второстепенный,Первая карта Эдвина Грелоффа,Чертежи базового снаряжения Школы Грифона
940,Клад неудачника 2,Второстепенный,Записка раздраженного воина,Тор ЛараСодержимое сундука
941,К монастырю! 2,Основной,Фольтест,
942,Контракт на яйца виверн 2,Второстепенный,После прочтения доски объявлений,5000 ОО250 оренов
943,Литания Святого Григория (квест) 2,Второстепенный,Доска объявлений,9000 ОО
944,Золото дураков 2,Второстепенный,Йонтек,50 ОО100 крон (если Геральт позволит повесить Йонтека)
945,Квесты (Ведьмак) 2,Второстепенный,Доска объявлений,
946,И я там был мед-пиво пил 2,Основной,Ольгерд фон Эверек,150 
947,Банды Новиграда 2,Второстепенный,Доска объявлений,50 300 
948,Баллиста (квест) 2,Второстепенный,Вернон Роше,
949,Veni Vidi Vigo 2,Основной,Йеннифэр,200 
950,Вооруженное нападение 2,Второстепенный,Доска объявлений,25 ОО
951,Литания Святого Григория (квест) 2,Второстепенный,Доска объявлений,9000 ОО
952,Заказ: Неуловимый вор 2,Второстепенный,Доска объявлений,270 ООЕсли Геральт не убил допплера:Чертеж: Гномский гвихир215 Если Геральт убил допплера:Сапоги Горного народаТрофей допплера215-330 
953,Ведьмачьи древности: улучшения Школы Кота II 2,Второстепенный,Вторая карта Адальберта Кермита,Чертежи улучшенного снаряжения Школы Кота
954,Битва в Каэр Морхене 2,Основной,Доска объявлений,2500 
955,Контракт на кикимор 2,Второстепенный,После прочтения доски объявлений,200 оренов5000 ОО
956,Игра в покер: Верген 2,Второстепенный,Доска объявлений,
957,Братья по оружию. Нильфгаард 2,Основной,Доска объявлений,
958,Главный свидетель 2,Второстепенный,Бригида Пепеброк,
959,Жемчуга побережья 2,Второстепенный,Неотправленное письмо,Содержимое сундука
960,Кулачный бой (Кровь и Вино) 2,Второстепенный,Доска объявлений,Колосс — 200 (500) Тихий Омут — 200 Швабра — 200 
961,Клиент всегда прав 2,Второстепенный,Доска объявлений,Немедленно — 200 Неделя — 500 Счетовод
962,Ведьмачьи древности: улучшения Школы Кота I 2,Второстепенный,Вторая карта Адальберта Кермита,Чертежи улучшенного снаряжения Школы Кота
963,Башня из ниоткуда 2,Второстепенный,Жители деревни,Лунный клинок50 Если Геральт принял награду от жителей:65 
964,История Цири. Скачки 2,Второстепенный,Во время прохождения квеста "Дела семейные",
965,Встреча Чародеев 2,Основной,Геральт,
966,Дяды (квест) 2,Второстепенный,Ворожей,50 50 
967,Золотые кулаки 2,Второстепенный,Доска объявлений,
968,Жрец-водяной (квест) 2,Второстепенный,Доска объявлений,800 оренови 7000 ОО
969,Заказ: Морские дьяволы 2,Второстепенный,Доска объявлений,250-352  / 250 Трофей водной бабы Дневная звездаЕсли Геральт попросил надбавку: 100 
970,Гвинт: Игры с корчмарями 2,Второстепенный,Доска объявлений,
971,Вампирица с болот 2,Второстепенный,Главный Королевский Ловчий,1000 оренови 10000 ОО
972,Борьба на руках: Каэдвенский лагерь 2,Второстепенный,Доска объявлений,
973,За железной решеткой. 2,Основной,Доска объявлений,3750   (если Детлафф был убит) / 50 
974,Заказ виноделов: Склад на Тихом берегу 2,Второстепенный,Доска объявлений,100  / 150 — 218 
975,Больно не будет 2,Второстепенный,Захин Шмарц,Махакамский рунный сигиль875 оренов9000 ОО
976,Ведьмачьи древности: улучшения Школы Волка III 2,Второстепенный,Промокшие и заплесневевшие заметки Иеронимуса о ведьмаке Эльгаре,Чертежи улучшенного снаряжения Школы Волка
977,Зачарование: Плата за качество 2,Второстепенный,Доска объявлений,100 
978,Мастер арены 2,Второстепенный,Гуннар,60 ОО35 крон
979,Квесты (Ведьмак 3) 2,Второстепенный,Доска объявлений,
980,Заказ: Дом с привидениями 2,Второстепенный,Заказ: Дом с привидениями,325 ОО267-399 кронТрофей элементаляСорвишапка
981,Заказ: Призрак с Эльдберга 2,Второстепенный,Доска объявлений,260 ОО246-368 кронПепельная руна
982,Вышибала 2,Второстепенный,Куртизанка,25 ОО15 крон
983,Мешок перьев 2,Второстепенный,Эльтоном,400 ореновТрофей для Эльтона
984,Ведьмачьи древности: улучшения Школы Медведя III 2,Второстепенный,Третья карта Ибрагима Сави,Чертежи отличного снаряжения Школы Медведя
985,Заказ: Пропавшие горняки 2,Второстепенный,Доска объявлений,Если Геральт убил тролля:200 271-399 Трофей тролляКаролинаЕсли Геральт не убил тролля:125 100 
986,Контракт на сколопендроморфов 2,Второстепенный,После прочтения доски объявлений,250 оренови 5000 ОО
987,Вино - это святое. 2,Основной,Доска объявлений,
988,Заказ: Пропавший жених 2,Второстепенный,Деревня Сворлаг/Доска объявлений,249-349 250 Трофей эхидныШтаны убийцыЕсли Геральт принял награду Бритт:20 25 Если Геральт не принял:22 
989,Баррикада 2,Основной,Фольтест,
990,История Цири. Из тени 2,Второстепенный,Во время прохождения квеста "Дела семейные",
991,Литания Святого Григория (квест) 2,Второстепенный,Доска объявлений,9000 ОО
992,Верный друг 2,Второстепенный,Доска объявлений,
993,Грязь и бархат 2,Второстепенный,Придворная дама Антуанетта,Три бомбы «Мечта Дракона»
994,В гостях хорошо а дома лучше 2,Основной,Доска объявлений,500 
995,Меч Беренгара 2,Второстепенный,Записки Беренгара,50 Чертёж: Тор-хэерн
996,Заказ на гаргулий 2,Второстепенный,Доска объявлений,200 оренов150 ОО
997,Горе побеждённым 2,Второстепенный,Доска объявлений,
998,Замок и ключ 2,Основной,Доска объявлений,5500 ОО
999,Дружеская услуга 2,Второстепенный,Кейра Мец,80 
1000,История Цири. Бегство с болот 2,Основной,Доска объявлений,
1001,За честь и славу 2,Второстепенный,Доска объявлений,50  / 60 
1002,Братская любовь 2,Второстепенный,Доска объявлений,300  / 300 — 430 100  от Гюго Моннара
1003,Грязь и бархат 2,Второстепенный,Придворная дама Антуанетта,Три бомбы «Мечта Дракона»
1004,Замок и ключ 2,Основной,Доска объявлений,5500 ОО
1005,Винные войны: Грязная игра 2,Второстепенный,Доска объявлений,250 
1006,Дитя Старшей Крови 2,Основной,Цири,300 
1007,Кулачный бой (квест) 2,Второстепенный,Доска объявлений,26000 ООЗуб чемпиона кулачных боев
1008,Ведьмачьи древности: снаряжение Школы Волка 2,Второстепенный,Слегка надорванные заметки Иеронимуса о ведьмаке Эльгаре,Чертежи базового снаряжения Школы Волка
1009,Кулачные бои: Верген 2,Второстепенный,Шеридан,
1010,Братская любовь 2,Второстепенный,Доска объявлений,300  / 300 — 430 100  от Гюго Моннара
1011,Великий побег (Ведьмак) 2,Основной,Винсент Мэйс,3500 ОО
1012,В когтях безумия 2,Второстепенный,Седрик,100 ОО
1013,Грустная история братьев Гроссбарт 2,Второстепенный,Джанго Фретт,Совместная работа:25  50 Одинокий Волк:50  20 
1014,Контракт на эхинопсов (Обманки) 2,Второстепенный,Доска объявлений,
1015,Заказ: Таинственные следы 2,Второстепенный,Заказ на... Боги знаюти на что!,400  / 258-384 Лазурный гневТрофей чертаМутаген из черта
1016,Копьё судьбы 2,Основной,Доска объявлений,
1017,Дела семейные 2,Основной,Автоматически,200 
1018,Мастер арены 2,Второстепенный,Гуннар,60 ОО35 крон
1019,Гномье устройство 2,Второстепенный,Доска объявлений,9000 ОО
1020,В ожидании Го и До 2,Второстепенный,Доска объявлений,Содержимое сундукаЧертеж: Бельхавенский клинок
1021,Вопрос жизни и смерти (Ведьмак 2) 2,Основной,Филиппа Эйльхарт,Меч полководца
1022,В гостях хорошо а дома лучше 2,Основной,Доска объявлений,500 
1023,Контракт на фледеров 2,Второстепенный,После прочтения доски объявлений,250 оренов5000 ОО
1024,Ведьмачьи древности: улучшения Школы Медведя II 2,Второстепенный,Вторая карта Ибрагима Сави,Чертежи улучшенного снаряжения Школы Медведя
1025,Контракт на сколопендроморфов 2,Второстепенный,После прочтения доски объявлений,250 оренови 5000 ОО
1026,Безопасная пристань 2,Второстепенный,Деклан Леуваарден,400 оренови 2500 ОО
1027,Дяды (квест) 2,Второстепенный,Ворожей,50 50 
1028,Заклинание: Стартовый капитал 2,Второстепенный,Доска объявлений,5000 
1029,Запах благовоний 2,Второстепенный,Доска объявлений,
1030,Контракт на сколопендроморфов 2,Второстепенный,После прочтения доски объявлений,250 оренови 5000 ОО
1031,Лилии и змеи 2,Второстепенный,Доска объявлений,
1032,История Цири. Скачки 2,Второстепенный,Во время прохождения квеста "Дела семейные",
1033,Игра в покер: Лок Муинне 2,Второстепенный,Доска объявлений,
1034,Ведьмачьи древности: улучшения Школы Грифона IV 2,Второстепенный,Четвертая карта Эдвина Грелоффа,Чертежи мастерского снаряжения Школы Грифона
1035,Коллекционер 2,Второстепенный,Яромир,500 крони трофейи взятый с шарлея
1036,Заказ: Таинственные следы 2,Второстепенный,Заказ на... Боги знаюти на что!,400  / 258-384 Лазурный гневТрофей чертаМутаген из черта
1037,Ведьмачьи древности: снаряжение Школы Медведя 2,Второстепенный,Первая карта Ибрагима Сави,Чертежи базового снаряжения Школы Медведя
1038,Заказ: Белая дама 2,Второстепенный,Заказ: Белая Дама,260 ОО246-348 кронТрофей полуденицыДеитвен
1039,Кабаре 2,Второстепенный,Лютик,Если Геральт не участвует в гонке:220 ООЕсли Геральт участвует в гонке и выигрывает:245 ОО80 кронМастерское седло
1040,Защита Каэр Морхена 2,Основной,Доска объявлений,6000 ОО
1041,Ведьмачьи древности: улучшения Школы Грифона III 2,Второстепенный,Третья карта Эдвина Грелоффа,Чертежи отличного снаряжения Школы Грифона
1042,Кровь от крови 2,Основной,Доска объявлений,
1043,Волчица (квест) 2,Основной,Доска объявлений,
1044,Мастер-бронник 2,Второстепенный,Иоанна,Доспех Охотников за колдуньямиЧертеж: Кираса из Маг Дейры
1045,Время жатвы 2,Основной,Васка,Псалмы безумия и отчаяния5000 ОО
1046,Ведьмачьи древности: улучшения Школы Волка IV 2,Второстепенный,Сильно выцветшие заметки Иеронимуса о ведьмаке Эльгаре,Чертежи улучшенного снаряжения Школы Волка
1047,Аве Хенсельт! 2,Второстепенный,Проксим,
1048,Контракт на плавунов 2,Второстепенный,После прочтения доски объявлений,150 оренов2500 ОО
1049,Безымянный 2,Основной,Йеннифэр,200 ООДлинный меч со Спикероога
1050,Контракт на призраков 2,Второстепенный,после прочтения доски объявлений,300 оренов7000 ОО
1051,Заказ: Оксенфуртский кровопийца 2,Второстепенный,Доска объявлений,300 ОО273-376 кронТрофей катаканаДергдейтМутаген из катакана
1052,Гнусное предложение 2,Основной,Бернард Лоредо,
1053,Контракт на цеметавров 2,Второстепенный,После прочтения доски объявлений,250 оренов7000 ОО
1054,Контракт на накеров 2,Второстепенный,Доска объявлений,150 оренов75 ОО
1055,Нашедший забирает всё 2,Второстепенный,Ловкач,2500 ОО
1056,Ведьмачьи древности: улучшения Школы Грифона IV 2,Второстепенный,Четвертая карта Эдвина Грелоффа,Чертежи мастерского снаряжения Школы Грифона
1057,Больно не будет 2,Второстепенный,Захин Шмарц,Махакамский рунный сигиль875 оренов9000 ОО
1058,Гуси гуси га-га-га! 2,Второстепенный,Доска объявлений,250 Золотое яйцо
1059,Дневник Даэрхенны 2,Второстепенный,Доска объявлений,
1060,Анатомия преступления 2,Основной,Доска объявлений,3500 ОО
1061,Глиняные ямы (квест) 2,Основной,Васка,Сефирот Хеседи 2500 ОО
1062,Великое ограбление банка 2,Основной,Доска объявлений,9000 ОО
1063,Нашедший забирает всё 2,Второстепенный,Ловкач,2500 ОО
1064,Аве Хенсельт! 2,Второстепенный,Проксим,
1065,Наперегонки со временем 2,Основной,Доска объявлений,
1066,Борьба на руках: Верген 2,Второстепенный,Доска объявлений,
1067,Волчица (квест) 2,Основной,Доска объявлений,
1068,Контракт на гулей от Калькштейна 2,Второстепенный,После прочтения доски объявлений,Книга «Основы алхимии»100 оренов3000 ОО
1069,Контракт на эндриаг 2,Второстепенный,Доска объявлений,
1070,Золотые кулаки 2,Второстепенный,Доска объявлений,
1071,Ведьмачьи древности: Гроссмейстерский доспех Школы Грифона 2,Второстепенный,Лазарь ЛафаргРапорт капитана Фирабраса,Гроссмейстерские чертежи снаряжения Школы Грифона
1072,Наперегонки со временем 2,Основной,Доска объявлений,
1073,За семью морями 2,Второстепенный,Доска объявлений,50 ОО
1074,Благодарность могильщика 2,Второстепенный,Могильщик,1500 ОО
