location_id,location_name,location_type,location_place,square
1,Bloed Carn,Руины,Неизвестно,453.93965012474
2,Tedd Deireadh,Хитроумная конструкция,Другой мир,1087.8972095473807
3,Tor Gvalch'ca,Башня,Северо-западная оконечность Ундвика,476.05433502682564
4,«Зал воинов»,Корчма,Деревня Ларвик,538.3409766371069
5,«Змея и Рубин»,ТавернаВинодельня,Верхний город,469.0417424167784
6,«Книги и свитки»,Книжная лавка,Рынок на площади Иерарха,895.3801923656868
7,«Колокола Боклера»,Бордель,Порт Боклера,1272.606013645465
8,«Лис-Хитролис»,Таверна,Боклер,2064.554399284136
9,«Рыхлый Трюфель»,Таверна,Северные королевства,324.330776243065
10,«Фазанерия»,Таверна,Боклер Туссент,2432.4267175316904
11,Аллея висельников,Дорога,К западу от Больших Сучьев,1008.7994579279899
12,Алтарь Вейопатиса,Статуя,Леса Флотзама,162.38144309729947
13,Альдерсберг,Город,Неизвестно,651.2157641328392
14,Амфитеатр Лок Муинне,Развалины амфитеатра,Неизвестно,2226.295683165164
15,Ан Скеллиг,Остров,К северо-востоку от Ард Скеллига и Спикероога,2363.6820247446435
16,Ардварк,Гора,Ан Скеллиг,97.00345088319739
17,Арена (Ведьмак 2),Арена,Темерия,155.53991901118087
18,Арена Ублюдка Младшего,Арена для боев,Обрезки,651.9314527637199
19,Армуш,Горы,Недалеко от Яруги,2363.1154294858134
20,Аукционный дом Братьев Борсоди,Здание,Север Оксенфурта,1945.9927985660884
21,Бабий Дол,Посёлок,К юго-востоку от Грани Бороса,996.2137970679058
22,Багряная роща,Роща,Неизвестно,562.576636105894
23,База охотников за колдуньями,Казармы,Доки в Новиграде,1335.2678920984692
24,База Саламандр,Хитроумная конструкция,Неизвестно,1266.741998283674
25,Банк Вивальди,Банк,Площадь Иерарха,905.819020746281
26,Банк Чианфанелли,Банк,Верхний город Боклер,1791.6161955387793
27,Бастион,Форт,Долина Каэр Морхен,2323.0895662646135
28,Бастой,Руины,Склоны Горгоны к западу от озера Селяви,1164.3420950282843
29,Башка тролля,Гора,К северу от Каэр Морхена,208.61333875136694
30,Башня мага,Башня,Левый берег Вызимы,2376.078208427554
31,Башня палача,Башня,Старая Вызима,387.6139419755034
32,Безопасный приют (Храмовый квартал),Хитроумная конструкция,Неизвестно,1963.8593414690956
33,Бельгаард,Винодельня,К юго-востоку от Боклера,468.68300181007237
34,Берег Озера,Хитроумная конструкция,Неизвестно,598.8032119482076
35,Берег погибших кораблей,Побережье,Запад Велена,1877.7372353689684
36,Биндюга,Деревня,Неизвестно,1980.0844512731994
37,Блокпост Ордена,Пост,Храмовый квартал,1523.0965588402835
38,Боклерский дворец,Дворец,Боклер Туссент,2142.729156367528
39,Большая топь,Область,Юг Велена,79.88641747995851
40,Бондарь,Город,Неизвестно,1221.426208265139
41,Бордель «Горячие бёдра»,Хитроумная конструкция,Неизвестно,1331.0651679050222
42,Бордель Флотзама,Бордель,Неизвестно,274.0089792445355
43,Бочарные ворота,Ворота,Верхний город,1004.0040170063771
44,Бочарня на склонах,Поселение,Склоны Горгоны к западу от тюрьмы Бастой,1669.759666701698
45,Брошенная лесопилка,Лесопилка,Ард Скеллиг,314.4091135888336
46,Быстрое перемещение,Хитроумная конструкция,Неизвестно,6.339813311002085
47,Вдовий грот,Пещера,К северо-западу от Урстена,796.8099088916591
48,Велен,Провинция,Северо-запад Темерии,1045.2769475166879
49,Верген,Город,Долина Понтара,2187.8413279376987
50,Верментино,Усадьба,Долина Сансретура к востоку от Кастель Ровелло,2120.7502560888884
51,Верхний город,Район города,Боклер,2194.3547683366905
52,Верхняя мельница,Мельница,К востоку от Броновиц,2339.471928100447
53,Вершины-близнецы,Гора,Угольшток,2299.864540148069
54,Ветряная мельница Дульсинеи,Мельница,Долина Сансретура к северу от «Куролиска»,1669.8059948732123
55,Вилла Ведетте,Заброшенная усадьба,Долина Ведетте к востоку от дворца Галлион,612.1603321365824
56,Вилла Ла Валеттов,Вилла,Золотой город,1673.7004752402772
57,Вилла Орианы,Поместье,Боклер,2341.6051528329567
58,Винный рынок,Рынок,Сан-Себастьян Боклер,2095.173937365093
59,Виноградник Ортенз,Винодельня,К югу от Боклера,1652.093880756432
60,Винокурня,Пещера,Градова гора,1748.0671235696002
61,Водный мир,Хитроумная конструкция,Другой мир,552.7252421069614
62,Военная академия им. Маркуса Брайбанта,Учебное заведение,Нильфгаард,1093.2337775459796
63,Волчье урочище,Святилище,К северу от Врониц,1429.7843462361884
64,Вороний Яр,Каменоломня,Неизвестно,202.38699800625537
65,Ворота в Купеческий квартал,Ворота,Храмовый квартал,158.7577028246981
66,Ворота в Старую Вызиму,Ворота,Дамба Вызимы,38.24855140226874
67,Ворота иерархов,Ворота,Юг Новиграда,950.318387674475
68,Ворота мельника,Ворота,Неизвестно,2062.1368511716187
69,Ворота славы,Ворота,Юг Новиграда,1389.9522592566952
70,Врата Восходящего Солнца,Ворота,Верхний город Боклер,157.59979366533756
71,Врата Махакама,Врата,Верген,1788.6414794857762
72,Врата Металлургов,Ворота,Верген,623.4492263783495
73,Временная кузница,Кузница,Неизвестно,2104.0136543801545
74,Вроницы (регион),Область,Северо-запад Велена,50.77252789078668
75,Вызима,Столица,Озеро Вызима,403.0819177907266
76,Вызима (озеро),Озеро,Вокруг города,1120.1088111574581
77,Вызимское кладбище,Кладбище,Неизвестно,2219.8487229865495
78,Высокий мост,Город,К юго-востоку от Грани Бороса,2264.9784959916774
79,Гавань,Хитроумная конструкция,Неизвестно,25.240904060555014
80,Гиндар,Роща,Хиндарсфьялл,2404.67800684689
81,Главная деревня,Деревня,Неизвестно,1593.9692010741774
82,Главный рынок Боклера,Площадь,Верхний город Боклер,2050.6762191585008
83,Глиняные ямы (локация),Глиняный карьер,Южнее деревни кирпичников,2052.5016659623616
84,Глубины Давора,Карьер,Северо-восточнее Золотого стока,962.0366267594502
85,Гнездо чудовища,Хитроумная конструкция,Неизвестно,688.8604576734841
86,Гнилая Роща,Район города,Квартал красных фонарей Новиград,1738.5588460904928
87,Категория:Города из игр,Хитроумная конструкция,Неизвестно,556.3186859048255
88,Городское кладбище,Кладбище,Сиротки Боклер,77.19855666806774
89,Горький сад,Опустевшее селение,К юго-западу от Луковца,1502.1265849553788
90,Госпиталь Вильмериуса,Госпиталь,Обрезки Новиград,1973.5271729127535
91,Гостиный дом,Офицерский клуб,Рядом с лагерем Группы армий Центр,1035.1970158239353
92,Градобор,Город,К западу от Ривии,1910.3162758962376
93,Градова гора,Гора,Ард Скеллиг,354.8117625330083
94,Грань Бороса,Город руины,Запад Махакамского перевала,1937.781701525718
95,Гробница Ворона,Гробница,Неизвестно,2094.682966316319
96,Гробница Святого Григория,Хитроумная конструкция,Неизвестно,2298.7831565539923
97,Гробница семьи Броссардов,Кладбище,Неизвестно,1178.424060268277
98,Грот (Ард Скеллиг),Пещера,Ард Скеллиг,1657.9499675011518
99,Грот (Велен),Пещера,Восток Велена,1609.0610640622474
100,Грот Альбертуса,Пещера,Склоны Горгоны,1040.8545392052142
101,Грот драконобойца,Пещера,К северо-западу от Кривоуховых топей,1432.1639518295024
102,Грядки с травой в лесу,ЛесОпустевшее селение,Долина Сансретура к юго-востоку от Коронаты,252.72445073917572
103,Грязищи,Область,Север Велена,855.9516557451882
104,Дамба Вызимы,Дамба,Вызима,64.47226863132788
105,Двор празднолюбцев,Разрушенная усадьба,К югу от Врониц,2226.0114055385143
106,Дворец выборщиков,Площадь,Храмовый остров,2202.294199599301
107,Дворец Пробуждения,Дворец,Тир на Лиа,2026.1806288161729
108,Дворцовые сады,Сады,Западный берег Сид Ллигад,75.85156623877792
109,Ддиддвет,Другой мир,Неизвестно,1444.512608225549
110,Деревня Альнесс,Деревня,Золотые поля,671.2194467937419
111,Деревня Аретт,Деревня,Застенье,514.1731325332688
112,Деревня Аринбьорн,Деревня,Ард Скеллиг,669.9295685323723
113,Деревня Бландаре,Деревня,Ард Скеллиг,747.5826007200297
114,Деревня Боксхольм,Деревня,Ард Скеллиг,171.98429633149104
115,Деревня Большие Сучья,Деревня,К западу от Врониц,2307.148561684826
116,Деревня Броновицы,Деревня,К северо-востоку от имения фон Эвереков,441.0738885470578
117,Деревня Вересковка,Деревня,Северо-запад Велена,2214.389484566846
118,Деревня Глинник,Деревня,К югу от Врониц,1150.1299667749784
119,Деревня Гольмштейн,Деревня,Ард Скеллиг,216.32793695009005
120,Деревня Дички,Деревня,К югу от храма Мелитэле,905.6018058023712
121,Деревня Доброво,Деревня,К югу от Врониц,2488.7284505146426
122,Деревня Залипье,Деревня,К востоку от Врониц,1051.4940744812548
123,Деревня Карстен,Деревня,Неизвестно,528.8863789899003
124,Деревня Квальхейм,ДеревняЛагерь бандитов,Ард Скеллиг,1184.8840141172045
125,Деревня кирпичников,Хитроумная конструкция,Неизвестно,1824.8347993492146
126,Деревня Клыки,Разрушенная деревня,Запад Велена,812.8057791956592
127,Деревня Ларвик,Деревня,Хиндарсфьялл,1374.5139170543412
128,Деревня Лофотен,Деревня,Хиндарсфьялл,1267.7445257919983
129,Деревня Лурхен,ДеревняОпустевшее селение,Хиндарсфьялл,2332.195091542688
130,Деревня Лямки,Деревня,Юго-восточнее деревни Рудник,1912.323368807458
131,Деревня Мышинец,Деревня,Восточнее деревни Сворки,1777.793864273676
132,Деревня Подлесье,Деревня,К юго-западу от Врониц,590.048769050574
133,Деревня Раннвейг,Деревня,Ард Скеллиг,69.80825329344714
134,Деревня Рогни,Деревня,Ард Скеллиг,1776.4774058330777
135,Деревня Рудник,Деревня,Северный берег Моречка,518.7245040701982
136,Деревня Сворки,Деревня,К востоку от Залипья,593.9572887158217
137,Деревня Сворлаг,Деревня,Спикероог,756.8478827878919
138,Деревня Стёжки,Деревня,К западу от Коломницы,1645.952119361811
139,Деревня Стахировка,ДеревняОпустевшее селение,Драконья долина,2404.713059354865
140,Деревня Сунд,Деревня,Ард Скеллиг,126.4740481339635
141,Деревня Тодерас,Деревня,Восток Велена,354.9110808595085
142,Деревня Троттхейм,Деревня,Фареры,272.4863859617924
143,Деревня Урскар,Разрушенная деревня,Ундвик,1153.0417537351977
144,Деревня Урстен,Деревня,Неизвестно,1634.5659771541598
145,Деревня Ферлунд,Деревня,Ард Скеллиг,2295.782832063003
146,Деревня Фирсдаль,Деревня,Ард Скеллиг,911.5333861874375
147,Деревня Фловив,Деревня,Пойма Сансретура к востоку от Боклера,2358.350413552835
148,Деревня Форнхала,Заброшенная деревня,Рука Снежного Великана,1357.3909736642518
149,Деревня Франколар,Деревня,Леса Кароберты к юго-востоку от Боклера,661.1952375291744
150,Деревня Харвикен,Деревня,Фаро,141.4637431577706
151,Деревня Хеддель,ДеревняОпустевшее селение,К юго-востоку от имения фон Эвереков,868.0481613017316
152,Деревня Хов,Деревня,Спикероог,1051.3248806792503
153,Деревня Черминь,ДеревняОпустевшее селение,К югу от деревни Стёжки,1165.014267354293
154,Деревня Штейгеры,Деревня,Севернее Кривоуховых топей,952.6102307888925
155,Деревня Эрде,Деревня,Драконья долина Редания,1034.4260639999784
156,Деревня Яворник,Деревня,К югу от Дерева висельников,2081.793229922666
157,Деревня Янтра,Деревня,К северо-востоку от Новиграда,509.6905238950933
158,Дерево висельников,Дерево,К северу от Яворника,1782.3982711820315
159,Дерево странников,Дерево,Юг Аэдирна,1394.1144902036697
160,Дикий берег,Побережье,Ард Скеллиг,984.231290672297
161,Длинный мост,Мост,Карбон,1400.9604240598262
162,Доки в Новиграде,Порт,Юго-запад Новиграда,550.9419798020784
163,Дол Ду Локке,Долина,Неизвестно,1717.9841427756498
164,Долина Ведетте,Долина,Север Туссента,1316.1840828230402
165,Долина Девяти,Долина,Пойма Сансретура,1092.3415698896076
166,Долина Каэр Морхен,Долина,Каэдвен,466.2706911899586
167,Долина Понтара,Долина,Между реками Понтар и Дыфня,1110.7714411524962
168,Долина Сансретура,Долина,К северу от Боклера,2116.0086716267137
169,Долина Черного Потока,Долина,К северу от Глубин Давора,616.7555561087377
170,Дом Абигайл,Хитроумная конструкция,Неизвестно,1657.5863020929621
171,Дом Адама,Дом,Темноводье,1492.8885144638782
172,Дом ведьмака,Дом,Неизвестно,2023.8377519823644
173,Дом Вепря,Святилище,Велен,1578.5482896889264
174,Дом Голана Вивальди,Хитроумная конструкция,Неизвестно,882.8577311016794
175,Дом детектива,Дом,Храмовый квартал,1566.4443133848022
176,Дом Калькштейна,Хитроумная конструкция,Неизвестно,2035.6737439923454
177,Дом Королевы Ночи,Бордель,Купеческий квартал,995.7500884227752
178,Дом Косаря,Дом,Храмовый квартал,1419.2737678129272
179,Дом кузнеца,Дом,Темноводье,217.1191405620873
180,Дом Маркграфа Хенкеля,Дом,Новиград,466.6450709645481
181,Дом Могилы,Дом,Храмовый квартал,192.68270461154674
182,Дом Одо,Хитроумная конструкция,Неизвестно,2194.9617458082416
183,Дом Преподобного,Дом,Неизвестно,1765.2064373729715
184,Дом Сальмы,Дом,Квартал красных фонарей,1261.9139876089898
185,Дом Сары,Дом,К югу от Площади Иерарха,666.5037261794394
186,Дом Селины,Дом,Темноводье,1270.8643813379535
187,Дом Сесиля Бурдона,Дом,Верген,1200.265799369094
188,Дом Талера,Дом,Храмовый квартал,2350.0949322653096
189,Дом Таулера,Дом,Золотой город,582.3507034697492
190,Дом Трисс,Дом,Площадь Иерарха,2326.201120784136
191,Дом Трисс в Обрезках,Дом,Обрезки,249.62193753582883
192,Дом Трисс Меригольд,Дом,Купеческий квартал,2361.618227544647
193,Дом Ублюдка Младшего,Дом,Храмовый остров,24.82909805046868
194,Дом Цезаря Бильзена,Дом,Площадь Иерарха,2482.9133725936404
195,Дом Шани,Дом,Храмовый квартал,2419.073022523455
196,Дорога на Клык Ингвара,Горная дорога,Ан Скеллиг,1188.1715966638678
197,Дорога на Лысую гору,ДорогаПристань,Юго-восток Велена,2277.86905174518
198,Дорога сладостей,Дорога,Кривоуховы топи,451.577505221645
199,Дравоград,Город,К северо-западу от Лирии,805.9236608381854
200,Драконья долина,Долина,К северо-востоку от Оксенфурта,2088.913071076328
201,Древняя гробница (Ведьмак 3),Пещера,Ард Скеллиг,691.7372424051952
202,Дуб Гединейт,Священное дерево,Северо-восток Ард Скеллига,760.428440519385
203,Душные Ямы,Пещера,Долина Ведетте к юго-востоку от руин дворца Галлион,1666.1637838412075
204,Дуэн Хен,Святилище,Юго-восток Велена,292.23372103713564
205,Дьяволова яма,Лагерь бандитов,Близ Дерева висельников,364.939989102076
206,Железный рудник,Шахта,Долина Каэр Морхен,1181.4636812813558
207,Жилище Ольшана,Дом,Неизвестно,1313.3382224724091
208,Жилище Филиппы Эйльхарт,Жилище чародейки,Верген,664.9655119993957
209,Журавлиный мыс,Жилище чародейки,Лок Муинне,2411.8661684231292
210,Журавлиный остров,Мыс,К северу от Новиграда,1460.0577084538063
211,Заброшенная бочарня,Остров,Пойма Сансретура,391.15115090345876
212,Заброшенная винокурня,Бочарня,Леса Кароберты,2354.6590398241015
213,Заброшенные хижины (Предместья),Винокурня,Пустоши,864.8488503240842
214,Заброшенный склад,Дома,Неизвестно,1948.320476534979
215,Заброшенный храм пророка Лебеды,Склад,Леса Кароберты к востоку от Тесхам Мутна,489.13732470962145
216,Загадочный мир,Святилище,Долина Сансретура,1293.3085843146957
217,Задар,Хитроумная конструкция,Другой мир,947.1669627885798
218,Залив ветров,Город,К западу от Лирии к югу от Орлиного Ручья,1623.5052784561813
219,Залив Сирени,Залив,Ан Скеллиг,2224.0861492664017
220,Замок Арнскрон,Залив,Великое море,556.9689432248437
221,Замок Вроницы,Руины,Трупная чаща,1504.160139263844
222,Замок Драхим,Замок,Темерский берег Понтара,213.21152587789078
223,Замок Зютцер,Разрушенный замок,К югу от Новиграда,901.6012382742805
224,Замок Ла Валетт,Руины,К востоку от имения фон Эвереков,1875.9129087839258
225,Замок Монкран,Замок,Неизвестно,1033.0297494084734
226,Замок Ривия,Руины замка,К северо-востоку от каменоломни Ардаизо,615.6685116720618
227,Замок Трех Отцов,Замок,Ривия Лирия и Ривия,1730.9603166445695
228,Замок Тузлы,Замковый комплекс,Южная часть Вергена,573.1073032674652
229,Западные ворота,Замок,Юго-восток Ангрена на границе с Ийсгитом,1861.6726842622597
230,Застенное кладбище,Ворота,Оксенфурт,2376.9160904808728
231,Застенье,Кладбище,Сиротки у южных стен Боклера,924.3791222500616
232,Золотой город,Район города,Юг Новиграда,1990.0256688951179
233,Золотой сток,Район города,Северо-восток Новиграда,405.9849854351255
234,Золотые поля,Город,Неизвестно,925.51092483347
235,Ивица,Регион,К востоку от Новиграда,677.4623207468122
236,Игла Улулы,Деревня,Неизвестно,2187.5953654709283
237,Игорный притон,Остров,Близ южного берега Спикероога,1931.258513385573
238,Изысканный салон,Таверна,Купеческий квартал,218.36491156698057
239,Ийсгит,Цирюльня,Сиротки Боклер,1667.9259172773438
240,Имение Мартина Листа,Область,Ангрен Яруга,1331.1385078167398
241,Имение Ронневиль,Усадьба,Золотые поля,2479.100969777342
242,Ингдален,УсадьбаОпустевшее селение,Виноградник Ортенз,203.6862364792613
243,Категория:Иные миры,Остров,К северу от Хиндарсфьялла,2035.5755180878377
244,Казино Ублюдка Младшего,Хитроумная конструкция,Неизвестно,2240.37934880772
245,Каменный круг,Игорный притон,Обрезки,830.5359631253453
246,Каменоломня Ардаизо,Круг,Ард Скеллиг,1959.391260875109
247,Каменоломня Старые Хрычи,Каменоломня,Пустоши к юго-западу от Монкрана,312.19797764384606
248,Канализация Вызимы,Каменоломня,Велен,161.07854010089628
249,Канализация Новиграда,Канализация,Неизвестно,715.4975275925149
250,Каналы Оксенфурта,Канализация,Под улицами города,1082.2540308297707
251,Каналы под Лок Муинне,Канализация,Оксенфурт,737.6643802210517
252,Канатчиковые ворота,Канализация,Лок Муинне,2253.5701510510776
253,Караулка,Хитроумная конструкция,Неизвестно,1259.8039461615726
254,Карбон,Казарма,Купеческий квартал,1493.2796422857552
255,Кастель Ровелло,Гора и город,Восток Махакама,612.061736322509
256,Кастельдаччия,Усадьба,Долина Сансретура к западу от Верментино,2252.4984560507432
257,Катакомбы Старой Усадьбы,Усадьба,Пустоши к востоку от Фловива,2254.7582987056303
258,Каштановый берег,Хитроумная конструкция,Неизвестно,1295.6178239718502
259,Каэдвенский лагерь,Пристань,Долина Сансретура,141.67343201000077
260,Каэр Альмхульд,Лагерь,Окрестности Вергена,902.1409653739099
261,Каэр Гелен,Остров-крепостьТюрьма (ранее),К западу от Эльдберга,1439.737188848019
262,Каэр Ду,Руины крепости,К востоку от Лагеря горняков,2147.278379776972
263,Каэр Морхен,Руины крепости,Долина под Форнхалой,1472.3180168076872
264,Каэр Мюр,Крепость,Долина Каэр Морхен,57.19176948815158
265,Каэр Ниссен,Крепость,Север Синих Гор,995.7693182747806
266,Каэр Трольде,Крепость,Ард Скеллиг,2258.2286492101225
267,Квартал красных фонарей,Руины,Ард Скеллиг,91.84284206646187
268,Квартал Нелюдей,Крепость,Скеллиге Ард Скеллиг,16.630983666156006
269,Квартал нелюдей (Флотзам),Улица,Путь Славы,1086.8585961111967
270,Килкеринн,Район,Храмовый квартал,620.6668016623221
271,Кладбище Белого Сада,Жилой квартал,Флотзам,173.162864002
272,Кладбище големов,Руины,К северу от Трупной чащи,688.1039159867211
273,Кладбище китов,Кладбище,К северу от деревни,335.36554755820845
274,Кладбище на болотах,Хитроумная конструкция,Неизвестно,578.8136135165017
275,Кладбище у Лофотена,Побережье,Ард Скеллиг,670.1623895150019
276,Кладбище у Монкрана,Хитроумная конструкция,Неизвестно,481.5706807822676
277,Клык Ингвара,Кладбище,Хиндарсфьялл к югу от Лофотена,295.70660043835824
278,Кобылий островок,Кладбище,Пустоши к западу от Монкрана,1302.224414794452
279,Коломница,Вершина,Гора Ардварк,936.1308243345101
280,Корво Бьянко,Поселение,К востоку от Грани Бороса,2419.289442262787
281,Королевский замок в Вызиме,Остров,Озеро Моречко,2068.965178953288
282,Королевский квартал,Усадьба,Долина Сансретура Туссент,1607.259427375148
283,Короната,Замок,Королевский квартал Вызима,1634.4940755875987
284,Корчма «Алхимия»,Замок,Королевский квартал,1566.9883366087302
285,Корчма «Алый кардинал»,Замок,Темерия,713.6113863065191
286,Корчма «Гусиная гузка»,Район города,Север Вызимы,1456.146679710945
287,Корчма «Зимородок»,Усадьба,Долина Сансретура Туссент,731.0849854200654
288,Корчма «Куролиск»,Корчма,Оксенфурт,917.2380669838761
289,Корчма «На распутье»,Корчма,Деревня Франколар,1914.9692959003944
290,Корчма «Нигде»,Таверна,К югу от Новиграда,2280.3966771378155
291,Корчма «Новый порт»,Корчма,Новиград Площадь Иерарха,152.01857246760818
292,Корчма «Под бочкой и шпунтом»,Корчма,Пойма Сансретура к юго-западу от Дун Тынне,2351.1693758848724
293,Корчма «Под Серебряной Саламандрой»,Корчма,К северу от Врониц,121.9784104888777
294,Корчма «Семь котов»,Корчма,Обрезки,127.91206401538552
295,Корчма «Старый порт»,Таверна,Порт у Каэр Трольде,2039.893409595413
296,Котий хребет,Корчма,Деревня Фловив,951.3678338994341
297,Кралобаг,Корчма,Долина Ведетте на берегу Сансретура,2029.7681906499504
298,Краснолюдские катакомбы,Таверна,Предместья Новиграда,2110.2078900464353
299,Крематорий,Таверна,Ундвик,1605.7512080832907
300,Крепость Гервина,Холм,Склоны Горгоны,2267.240099372296
301,Крепость Торгейра Красного,Город,Неизвестно,1592.3276632923562
302,Кривой Рог,Захоронение,Окрестности Вергена,246.31251248482755
303,Кривоуховы топи,Крематорий,К востоку от Оксенфуртских ворот,1430.7425005054254
304,Кривоуховы холмы,Крепость,Неизвестно,2146.096600262442
305,Кридам,Руины,Гора Ардварк,2462.1253579868685
306,Круг Стихий,Деревня,Юго-запад Синявой Пущи,485.60009773543965
307,Кузница Трентина,Болотистая местность,Юго-восток Велена,259.1503707503526
308,Кузня клана Тордаррох,Холмы,К северу от Кривоуховых топей,1650.3004999623513
309,Купеческая фактория,Поселение,К западу от Лирии,2098.293856209309
310,Купеческие ворота,Хитроумная конструкция,Неизвестно,1668.7571982146249
311,Купеческий квартал,Лавка,Боклер,1286.792833250818
312,Кьераг,Кузница,Ундвик,1846.3078577887
313,Кэдва Гэнвид,Лагерь,Долина Сансретура на границе с Долиной Ведетте,863.0817177210198
314,Лаборатория ведьмаков,Ворота,Неизвестно,289.9434201026191
315,Лаборатория Венцеля Пагга,Хитроумная конструкция,Неизвестно,1016.0396228450858
316,Лаборатория Даэрхенны,Скалы,Ард Скеллиг,1277.300994465585
317,Лаборатория Калькштейна,Кладбище,Северо-запад Синявой Пущи,1337.9520948241454
318,Лаборатория Ордена,Хитроумная конструкция,Неизвестно,2483.4627030568276
319,Лавка купца (Золотой город),Пещера,Окрестности Флотзама,2442.183225677445
320,Лавка Эйвара Хаттори,КатакомбыЛаборатория,Каналы под Лок Муинне,1601.058049735791
321,Лагерь армии Фольтеста,Лаборатория,Старая Вызима,1640.312375234502
322,Лагерь бандитов,Пещера,Драконья долина,337.07907902555013
323,Лагерь беженцев,Лавка,Новиград,1591.6732603308778
324,Лагерь горняков,Дом-мастерская,Путь Славы,264.2665700785035
325,Лагерь группы армий "Восток",Армейский лагерь,Неизвестно,2137.992157132129
326,Лагерь Гудмунда,Лагерь,К юго-востоку от Врониц,1439.4402651090488
327,Лагерь друидов,Опустевшее селениеЛагерь,К западу от Подлесья,2285.758059213415
328,Лагерь каннибалов,Лагерь,Ард Скеллиг,2293.557335481333
329,Лагерь наемников,Лагерь,Неизвестно,762.5220946642394
330,Лагерь нелюдей,Лагерь,Неизвестно,2119.383460332391
331,Лагерь Нильфгаарда,Лагерь,Ард Скеллиг,2186.3730804645143
332,Лагерь нильфгаардской армии "Центр",Лагерь,Ничейная земля,1011.1075248753867
333,Лагерь Ордена Пылающей Розы,Лагерь,К востоку от Оксенфурта,1481.4933096067634
334,Лагерь Роше,Хитроумная конструкция,Неизвестно,1968.9509415387836
335,Лагерь Сабрины,Лагерь,Неизвестно,80.52246620486481
336,Ледяная Пустошь,Лагерь армии,Юг Велена,1085.6847760722117
337,Лес Блессюр,Лагерь,Неизвестно,600.2394142079712
338,Лес Лок Муинне,Лагерь,Под стенами Каэдвенского лагеря,1428.769267288913
339,Лес Марцесент,Лагерь,Неизвестно,424.0797916017361
340,Лес на болотах,Хитроумная конструкция,Неизвестно,795.5649080031646
341,Леса Кароберты,Лес,Пустоши у южного берега Блессюры,860.4750413991405
342,Леса Флотзама,Лес,Окрестности Лок Муинне,882.1723832807726
343,Лесная Воля,Лес,Пойма Сансретура,822.8849028719096
344,Лесопилка (Ард Скеллиг),Болота,Западный берег озера,1668.948096096105
345,Лесопилка (Белый Сад),Лес,Юг Туссента,1016.6396070935607
346,Лесопилка Риу-Канн,Лес,Неизвестно,1744.180076100263
347,Лечебница Св. Лебеды,Деревня,Северо-восток Синявой Пущи,950.1457729696616
348,Липовое поле,ЛесопилкаОпустевшее селение,Ард Скеллиг,1852.9532344758732
349,Лирийские Равнины,ЛесопилкаОпустевшее селение,К западу от деревни,437.9189274292017
350,Логово гарпий,Лесопилка,Склоны Горгоны,2201.6465413347264
351,Логово Кейрана,Хитроумная конструкция,Неизвестно,1319.85057206245
352,Логово оборотня,ПолеОпустевшее селение,Леса Кароберты,411.4683191592558
353,Логово риггера,Местность,Лирия,1300.646162517424
354,Логово троллихи,Хитроумная конструкция,Окрестности Вергена,2236.7134112752638
355,Логово тролля,Логово монстра,Леса Флотзама,511.52996855131556
356,Лок Муинне,Хитроумная конструкция,Неизвестно,215.25712172921845
357,Лок Феаинн,Хитроумная конструкция,Вызима Канализация Вызимы,1695.2469464284954
358,Категория:Локации (Ведьмак 2),Хитроумная конструкция,Окрестности Вергена,1991.2557404908287
359,Категория:Локации (Ведьмак 3),Хитроумная конструкция,Окрестности Вергена,332.6140096899521
360,Категория:Локации (Ведьмак),Город,Синие Горы,1002.4550247501085
361,Категория:Локации (Гвинт),Озеро,Неизвестно,95.45907472029519
362,Категория:Локации (Кровная вражда),Хитроумная конструкция,Неизвестно,665.3476964868382
363,Луковец,Хитроумная конструкция,Неизвестно,796.6023766326513
364,Лысая гора,Хитроумная конструкция,Неизвестно,479.3898742346675
365,Лысая гора (регион),Хитроумная конструкция,Неизвестно,1846.5242241423593
366,Магазин игрушек «Конь-огонь»,Хитроумная конструкция,Неизвестно,1233.6020500620784
367,Малёбон,Заброшенная деревня,К северо-западу от Усадьбы Гарин,628.8400112141198
368,Малинник,Гора,Юг Велена,532.3128406662711
369,Мануфактура,Область,Юго-восток Велена,1118.7289895117678
370,Мариборские ворота,Здание,Порт Боклера,2444.8284237953053
371,Мастерская Балтимора,Крепость,К юго-востоку от Ивицы,1355.5136453262862
372,Мастерская Лазаря Лафарга,Область,Поля,324.3052176413819
373,Маяк (Новиград),Хитроумная конструкция,Неизвестно,632.1218316086363
374,Маяк Элверум,Хитроумная конструкция,Неизвестно,1167.1051198461141
375,Маяк Эльдберг,Заброшенная мастерская,Верген,900.9522071706643
376,Медицинская практика Шани,Оружейная мастерская,Верхний город Боклер,1061.1158025782386
377,Мельница (Белый Сад),Хитроумная конструкция,За стенами Новиграда,1391.7901746216323
378,Мельница графа де ла Круа,Маяк,Ард Скеллиг,1276.2143158364556
379,Мельница Люсьена,Маяк,Остров Игольный к северу от деревни Аринбьорн,2050.8374768869116
380,Мельничная Излучина,Лечебница,Оксенфурт,1603.100970633241
381,Мельничное озеро,Мельница,К югу от кладбища,367.45066097655433
382,Мер-Лашез,Мельница,Пойма Сансретура к северо-востоку от Боклера,1682.589109011157
383,Место казни Сабрины,Мельница,Южнее Застенья,1173.4066434423373
384,Место Силы,Деревня,К западу от Орлиного Ручья,1495.4381778476702
385,Метиннские ворота,Озеро,К северо-востоку от имения фон Эвереков,1025.3751528895198
386,Мир Гюнтера о'Дима,Кладбище,Север Сумрачного бора к востоку от Боклера,1305.42115853467
387,Монкран,Место казни,Неизвестно,850.8031689158369
388,Моречко,Хитроумная конструкция,Неизвестно,819.98718194631
389,Морскоген,Ворота,Верхний город Боклер,94.66475718576866
390,Мост в Каэр Трольде,Неизвестно,Другой мир,326.68654568489245
391,Мост мародёров,Нагорье,Пустоши,1904.96824062366
392,Мост плакальщицы,Озеро,Южная часть Велена,1165.0882518408803
393,Мост Плегмунда,Лес,Ард Скеллиг,1300.2835893726658
394,Мост св. Григора,Мост,Ард Скеллиг,1997.9851753730281
395,Мост Смешки,Мост,Севернее деревни Сворки,204.1823249643293
396,Мрозы,Мост,К западу от деревни,1894.2927244057284
397,Набережная марлинов,Мост,К северо-востоку от Боклера,2463.636287810682
398,Нава,Мост,Север Новиграда,486.6810693571907
399,Нарисованный мир,Мост,К востоку от деревни,2198.3403275278947
400,Небольшая ферма,Деревня,Неизвестно,880.0502702090798
401,Незаметная поляна,Побережье,Ундвик,521.1108242543617
402,Нива,Остров,К югу от Ундвика,1300.0600633324468
403,Нижняя мельница,Хитроумная конструкция,Другой мир,53.75912439531477
404,Нильфгаардский гарнизон (Белый Сад),Ферма,Поля,1820.1470834447769
405,Нильфгаардский квартал,Поляна,Склоны Горгоны Холмы рододендронов,1989.3925787656522
406,Новиград,Регион/Остров,Остров к югу от Новиграда,990.2181626495751
407,Новиградская пуща,Мельница,К югу от Броновиц,1074.3705205448998
408,Новиградские бани,Лагерь,К северо-западу от деревни,1989.5590541255417
409,Новиградские ворота,Квартал,Лок Муинне,1470.3098653424067
410,Новиградский морг,Вольный город,Неизвестно,1069.7753654221249
411,Новый Могильник,Лес,К югу от Новиграда,352.0997666690784
412,Ночлежка,Бани,Неизвестно,878.3295550636749
413,Обитель Ордена Пылающей Розы,Ворота,Оксенфурт,838.5991376603349
414,Обманки (деревня),Морг,Золотой город,1814.9033501809865
415,Обоз,Мертвая деревня,Юг Велена,1321.5318957962802
416,Обрезки,Ночлежка,Сан-Себастьян Боклер,1869.6093665694852
417,Овечий пруд,Обитель,Храмовый квартал,1788.8362795864937
418,Овраг Гнуса,Хитроумная конструкция,Неизвестно,1716.3979350916509
419,Одинокая башня,Небольшой лагерь,Неизвестно,970.03912789424
420,Одинокая скала,Район города,Восток Новиграда,70.37508938730369
421,Одинокая скала (Кровная вражда),Пруд,Пустоши,1211.4489130270329
422,Одинокая хата,Овраг,Неизвестно,25.612228501749044
423,Одинокая хижина,Хитроумная конструкция,Неизвестно,1983.8930737039054
424,Окрестности старой усадьбы,Остров/крепость,К северу от Охотничьих земель гарпий,1218.735056420104
425,Оксенфурт,Хитроумная конструкция,Неизвестно,1522.457646467986
426,Оксенфуртская Академия,ДомОпустевшее селение,Хиндарсфьялл,1577.3299134918539
427,Оксенфуртские ворота,Хитроумная конструкция,Неизвестно,1739.8063161167506
428,Оксенфуртский морг,Местность,Неизвестно,769.6017716052522
429,Оксенфуртский порт,Город,К юго-востоку от Новиграда,2236.9225401935446
430,Оливковая площадь,Университет,Оксенфурт,624.1084343391623
431,Оливковая роща,Ворота,Восток Новиграда,869.3340098486701
432,Орлиный Ручей,Морг,Оксенфурт,2354.7949021911863
433,Оружейная Ордена,Порт,Оксенфурт,2356.952735307394
434,Особняк Ублюдка Младшего,Площадь,Верхний город Боклер,1763.5854913364246
435,Остов «Летучего оленя»,Роща,Дун Тынне к северо-востоку от замка,218.16288089501535
436,Остров виверны,Деревня,К западу от Храма Мелитэле,1307.9750903870097
437,Остров Туманов,Оружейная,Храмовый квартал,1505.5850989664032
438,Отмель,Особняк,Оксенфурт,2186.3767696159625
439,Оток,Разбившийся корабль,Неизвестно,2347.0479364215566
440,Офис княжеского камерленьо,Остров,Северо-восточнее башни мага,2255.2495956990247
441,Охотничий домик Трастамары,Остров,Великое море,1670.3015182559614
442,Охотничьи земли гарпий,Хитроумная конструкция,Неизвестно,2221.1817106399194
443,Павлиний Склон,Деревня,Неизвестно,42.05697361898159
444,Палец Хеймдалля,Учреждение,Площадь Спящих Рыцарей Боклер,2464.3641414867384
445,Палисад,Имение,Леса Кароберты к северо-востоку от Тесхам Мутна,1837.3887314165415
446,Паромная станция,Скалистая местность,К северу от Покинутой башни,571.2119720720118
447,Пасека Майерсдорфов,Холм,Склоны Горгоны,1002.2412737297076
448,Пассифлора,Остров,К востоку от Редгилля,858.5619120553517
449,Патрикова Поляна,Частокол,Ард Скеллиг,2250.873964202951
450,Пепелище (Велен),Гавань,К юго-востоку от поселения каменщиков,466.0322513883863
451,Передвижной цирк,Пасека,В востоку от Новиграда,1619.3420140074377
452,Переправа Питтапатте,Бордель,Новиград Золотой город,1838.5769966380997
453,Переправа через реку,Лагерь,Долина Сансретура,497.8369790453888
454,Переулок Рыцарей Наживы,Развалины,Восточнее Врониц,1687.1845725750193
455,Петра Зилле,Цирк,Золотые поля к северу от Карстена,1861.947182768648
456,Пещера (Лес на болотах),Переправа,Долина Сансретура к северу от Дун Тынне,1099.9800317365396
457,Пещера (Новиград),Переправа,К востоку от деревни,2456.9589419544586
458,Пещера беженцев,Переулок,Верхний город Боклер,914.502698360446
459,Пещера Гротника,Корабль,Логово Кейрана,1485.4405010171968
460,Пещера друидов,Хитроумная конструкция,Неизвестно,197.5682105332857
461,Пещера Лебеды,Пещера,К востоку от Новиграда,508.75917331161423
462,Пещера Мелюзины,Пещера,Неизвестно,2281.1624561553435
463,Пещера первых испытаний,Пещера,Склоны Горгоны Павлиний Склон,2065.616871918898
464,Пещера под стенами,Хитроумная конструкция,Неизвестно,729.8331413316919
465,Пещера под Храмовым островом,Пещера,Леса Кароберты,1936.4738052649832
466,Пещера Снов,Пещера,Спикероог,1442.7015094831988
467,Пещера Шепота,Пещера,К северу от Бастиона,2054.953385217132
468,Пещера Юстианны,Хитроумная конструкция,Неизвестно,1554.963158155781
469,Пещеры Рокестанг,Эльфийские руины,Храмовый остров,1081.9398799935846
470,Площадь Генрика III Толстого,Пещера,Ард Скеллиг,2220.5639383551725
471,Площадь Лебеды,Пещера,Склоны Горгоны к югу от Кастель Ровелло,1420.7956468523864
472,Площадь Рундурина,Эльфийские руины,Ард Скеллиг,1022.3043226390846
473,Площадь Спящих Рыцарей,Пещера,Склоны Горгоны,792.9785047721472
474,Площадь Эпоны,Площадь,Верхний город Боклер,1090.1305533272334
475,Площадь Яна Наталиса,Площадь,Сиротки Боклер,1623.737918377814
476,Побережье Пали-Гап,Площадь,У Махакамских врат Вергена,2097.437312975396
477,Подворье Караянов,Площадь,Верхний город Боклер,2132.2535038682704
478,Подземелья замка Ла Валетт (локация),Площадь,Боклер,1324.2896162939965
479,Пойма Сансретура,Площадь,Купеческий квартал,1169.2940725934434
480,Покинутая башня,Остров,Запад Скеллиге,1885.9777219373389
481,Покинутая деревня (Белый Сад),Имение,Склоны Горгоны к северо-западу от Селяви,679.0752148395035
482,Покинутая деревня (Ундвик),КатакомбыТемница,Неизвестно,2274.3223833029206
483,Поле битвы,Регион,К востоку от Боклера,1898.7187646626242
484,Поле Чертополоха,Заброшенная башня,Северо-запад Велена,1744.7293813808903
485,Полевой госпиталь (Ведьмак),Заброшенная деревня,К югу от деревни,1387.5727903143795
486,Полевой штаб Ордена,Разрушенная деревня,Северо-запад Ундвика,1935.0981744683402
487,Поля,Поле сражения,Неизвестно,2069.0801509470148
488,Поля пшеницы,Деревня,Неизвестно,1191.3956048518426
489,Поляна лесорубов,Госпиталь,Неизвестно,937.2250789685594
490,Поместье Вегельбудов,Штаб,Старая Вызима,823.261993499434
491,Поместье графа Колдуэлла,Местность,К юго-западу от деревни,24.925518635808828
492,Поместье Дорен Альма,Поле,К востоку от Новиграда,764.8827359866184
493,Поместье лорда Клейтона,Лагерь,Южнее рощи друидов,542.5526562152983
494,Поместье Реардон,Поместье,К востоку от Новиграда,2203.948736664737
495,Порт Боклера,Поместье,К северу от Чертовой Башни,583.755633197855
496,Порт Гольмштейна,Поместье,Леса Кароберты,168.8427343820398
497,Порт у Каэр Трольде,Поместье,К западу от Растбурга,553.3470230802578
498,Портняжная мастерская,Заброшенное поместье,К северу от Штейгер,2139.386772937862
499,Портовые ворота (Новиград),Порт,Восток Боклера,252.5223492722148
500,Портовые ворота (Туссент),Порт,Ард Скеллиг,800.1187610258464
501,Поселение каменщиков,Порт,Ард Скеллиг,2236.4480218983927
502,Поселок лесорубов,Мастерская,Верхний город Боклер,971.9941102493493
503,Поселок Редгилль,Ворота,Юг Новиграда,1321.766043958977
504,Последний бастион,Ворота,Сан-Себастьян Боклер,825.8731170870423
505,Посольство Нильфгаарда,Деревня,Северо-восток Велена,685.926935321623
506,Пост Княжеской гвардии,Таверна,Неизвестно,2444.593975650333
507,Походный лагерь Мэвы,Деревня,Ард Скеллиг,1300.082745146184
508,Предместья,Хитроумная конструкция,К востоку от приграничного поста,2378.035142951122
509,Представительство казначейства княжества Туссент,Посольство,Верхний город Боклер,304.18616494976624
510,Приграничный пост,Сторожевой пост,Сан-Себастьян Боклер,1942.212531688159
511,Пристань (Велен),Военный лагерь,Неизвестно,1835.4842369827556
512,Пристань (Лес на болотах),Деревня,Неизвестно,654.8327392402562
513,Пристань Арронакаса,Правительственное учреждение,Долина Сансретура на восточной стороне Моста Плегмунда,316.3959586229947
514,Пристань Влюбленных,Застава,Север Велена,1731.0921543172158
515,Пристань Водница,Пристань,Восток Велена,1510.9253521378548
516,Пристань Всполох,Хитроумная конструкция,Неизвестно,1659.8324147874114
517,Пристань Уриалла,Пристань,Сид Ллигад,146.12468719444328
518,Пристань Фраенте,Пристань,Сид Ллигад,2226.9144975952104
519,Приют на Кривоуховых топях,ПристаньОпустевшее селение,К югу от корчмы «На распутье»,1956.7836460256178
520,Приют Орианы,ПристаньОпустевшее селение,К югу от Дьяволовой ямы,785.3317075222427
521,Приют чаек,Деревня,Ан Скеллиг,534.110749758979
522,Пролом в стене,ПристаньОпустевшее селение,Пустоши,2498.560348584677
523,Пустоши,Приют для детей,Кривоуховы топи,2256.5702281636627
524,Пустынь Пинастри,Приют,К северу от Боклера,1324.6723194458089
525,Путь Славы,Полуостров,Ундвик,993.9944166967382
526,Пышущий обрыв,Ворота,Неизвестно,938.1911231670958
527,Развалины Белой кузни,Регион,К востоку от Дун Тынне,500.77523496711075
528,Развалины корчмы,Поселение,Дун Тынне южный берег Блессюры,16.077328713424155
529,Развалины моста,Район города,Юг Новиграда,2019.8019489621365
530,Развалины Темноводья,Область,Запад Велена,591.349671995934
531,Развилка дорог (Ард Скеллиг),Развалины,Севернее Глубины Давора,586.8903192044994
532,Развилка дорог (Велен),Развалины,Ард Скеллиг,2183.9948699013057
533,Развилка у Дун Тынне,Разрушенный мост,Леса Флотзама,1338.8850922822298
534,Разводной мост,Развалины,Неизвестно,2332.2230515705055
535,Разоренная деревня (Старая Усадьба),Распутье,Ард Скеллиг,1670.0277108589862
536,Разрушенная библиотека,Распутье,Юго-восток Велена,1836.8242337121583
537,Разрушенная мельница,Перекресток,Дун Тынне к северо-востоку от замка,333.8848927261789
538,Разрушенная усадьба Аэрамаса,Мост,Леса Кароберты,402.7879782957738
539,Разрушенный бастион,Хитроумная конструкция,Неизвестно,1198.7348990490302
540,Разрушенный мост,Библиотека,Лок Муинне,42.94492515735382
541,Распутье,Хитроумная конструкция,Неизвестно,678.3860815606857
542,Растбург,Разрушенная усадьба,К востоку от Оксенфурта,597.5726679857144
543,Ратуша Вызимы,Хитроумная конструкция,Юго-восток Велена,1735.6276459127978
544,Реданский квартал,Мост,Темноводье,1246.8976963068592
545,Резиденция вар Аттре,Распутье,К востоку от Белого Сада,55.6267489986062
546,Резиденция Лоредо,Замок,К западу от Лирии,1668.0906326171823
547,Резиденция Эвереков,Хитроумная конструкция,Неизвестно,760.0136676700134
548,Росберг,Лагерь,Лок Муинне,530.4742769518924
549,Роща Гединейт,Резиденция,Золотой город,2271.3660257962542
550,Роща друидов,Комендатура,Флотзам,988.1216727170241
551,Роща Олены,Заброшенная усадьба,Драконья долина к северу от Оксенфурта,445.58873772716055
552,Руины дворца Галлион,Крепость,Неизвестно,76.91377605346771
553,Руины дворца Термес,Лес,Ард Скеллиг,2099.0553027061083
554,Руины Дорве,Хитроумная конструкция,Неизвестно,130.63340418703078
555,Руины замка Амавет,Роща,Юг Велена,1526.149543679504
556,Руины крепости Астре,Руины,Долина Ведетте,1333.1382989610509
557,Руины купальни,Руины,К северо-востоку от Охотничьего домика Трастамары,2333.353855127932
558,Руины рыцарской башни,Разрушенная деревня,Ундвик,1264.1536959693697
559,Руины святилища богини Данамеби,Руины замкаЛагерь бандитов,Белый Сад,472.58166782478406
560,Руины сторожевой башни,Развалины,Склоны Горгоны к северо-западу от Селяви,252.95138647744713
561,Руины форта Уссар,Эльфские руины,Леса Флотзама,2397.279105309951
562,Руины эльфского храма,Разрушенная башня,Кривоуховы топи,779.4557236210944
563,Рука Снежного Великана,Руины,Пустоши север леса Блессюр,1547.4169147137397
564,Ручей Нитка,Развалины башни,К северу от Каэр Морхена,610.0247379516136
565,Рыбацкий посёлок,Руины,К востоку от каменоломни Ардаизо,1151.4130413262253
566,Рыбный рынок,Руины,Леса Кароберты,119.6583110870278
567,Рынок в Купеческом квартале,Горы,Ард Скеллиг,1078.307347839522
568,Рынок на площади Иерарха,Ручей,Пойма Сансретура Лес Марцесент,83.40668943360774
569,Рысья скала,Деревня,Неизвестно,1690.6177662790255
570,Сан-Себастьян,Рынок,Центр Новиграда,628.539517514865
571,Святилище Лебеды,Рынок,Купеческий квартал,1302.1154428435743
572,Святилище Лильвани,Рыночная площадь,Центр Новиграда,1925.62979819486
573,Святилище Мидаэте,Скала,Склоны Горгоны,18.87935336003427
574,Священные ворота,Квартал города,Северо-восток Боклера,2352.8839537395725
575,Село Беньковое,Храм,Сиротки Боклер,792.2472163188046
576,Село Морынь,Руины,Восток Велена,197.03279457278956
577,Селяви,Святилище,Леса Флотзама,2264.6062437439937
578,Серебряный город,Ворота,Сиротки Боклер,485.7911684086194
579,Серые скалы,Деревня,Восток Велена,1215.843044512481
580,Серый грот,Село,Золотые поля,1198.5894891777432
581,Сигнальная башня,Озеро,Склоны Горгоны к северо-западу от Боклера,2440.801354772479
582,Сид Ллигад,Район города,Северо-запад Новиграда,2349.31740812094
583,Синее Око,Область,Северо-восток Велена,1069.2294602619593
584,Синеполье,Пещера,Леса Кароберты,1658.267427860707
585,Синявая Пуща,Развалины башни,Долина Каэр Морхен,958.0687599516768
586,Склад в трущобах,Озеро,Склоны Горгоны,42.635420897370324
587,Склад на Тихом берегу,Озеро,Пустоши к северо-востоку от хозяйства Базан,1690.3373192703893
588,Склеп в полях,Деревня,К западу от Трогира,866.9974894386539
589,Склеп в Предместьях,Лес,К западу от Росберга,1699.2109660094604
590,Склеп в Старой шахте,Склад,Храмовый квартал,254.9626800998056
591,Склеп культа Львиноголового паука,Склад,Тихий берег,797.7398377826408
592,Склеп Ловкача,Гробница,Поля,456.0842812201962
593,Склеп на берегу,Хитроумная конструкция,Неизвестно,72.20995604074353
594,Склеп на кладбище,Склеп,Старая шахта,620.7563050715884
595,Склеп стрыги,Склеп,Неизвестно,760.1611497207986
596,Склоны Горгоны,Склеп,Канализация Вызимы,138.0350220967652
597,Сломанный мост,Хитроумная конструкция,Неизвестно,866.724359877454
598,Снидхалль,Хитроумная конструкция,Неизвестно,2004.75687683022
599,Совиное урочище,Гробница,Неизвестно,552.7103284777954
600,Совиные гроты,Регион,К северо-востоку от Горгоны,1269.9483405155809
601,Сожжённая деревня (Белый Сад),Мост,К югу от деревни,1342.940160953464
602,Сожженная деревня (Ведьмак 2),Остров,К северу от Ард Скеллига,2356.67672843866
603,Сожженная лечебница,Холм,Золотые поля,1665.3438145127848
604,Сорочье Взгорье,Пещеры,Пойма Сансретура Лес Марцесент,1429.1249472445552
605,Спикероог,Деревня,К востоку от Белого Сада,2147.8983252650287
606,Спуск,Руины,Неизвестно,2356.5823939807965
607,Старая башня,Лечебница,Леса Флотзама,1272.0917745276531
608,Старая Вызима,Хитроумная конструкция,Неизвестно,1313.735986984067
609,Старая каменоломня,Остров,К западу от Ард Скеллига,2008.671090678921
610,Старая мельница (Ведьмак),Область,Восток Велена,148.39806623789391
611,Старая Просека,Башня,Неизвестно,1949.3267014060325
612,Старая сторожевая башня,Квартал,Неизвестно,1002.8415448148972
613,Старая часовня,Карьер,Неизвестно,835.5971914589458
614,Старая шахта (Ведьмак),Мельница,Неизвестно,1313.81859096988
615,Стародавний дуб,Лагерь лесорубовОпустевшее селение,Склоны Горгоны к западу от Кастель Ровелло,1839.6112964724825
616,Старое кладбище,Руины башни,Спикероог,2188.5453129965595
617,Старые шахты,ЧасовняПроклятое место,Реданский берег Понтара к востоку от Броновиц,293.49041021971277
618,Старый амфитеатр,Пещера,Неизвестно,1621.4167526196768
619,Старый дом Удальрика,Место поклонения,Велен - Ничейная земля,2379.935441496791
620,Старый Торг,Кладбище,К западу от Задара,151.95203402585815
621,Статуя Владычицы Озера,Шахта,К северу от Корчмы «На распутье»,1343.5842429794886
622,Статуя Гримдьяра,Руины,Левый берег Сид Ллигад,1767.6974173444792
623,Статуя Пророка Лебеды,Заброшенный дом,Спикероог,231.28794695867094
624,Стопы великана,Хитроумная конструкция,Неизвестно,2453.3404811185587
625,Сторожевая башня Викк,Статуя,Берег Озера,2224.6458192593373
626,Сторожевая башня Кальвейта,Статуя,Ард Скеллиг,1118.3295062146742
627,Сторожевой пост над Драконьей долиной,Статуя,Долина Сансретура северо-запад Туссента,1866.5429818634552
628,Сторожка охотника,Скалы,Ард Скеллиг,1400.835946473134
629,Страна тысячи сказок,Руины,К юго-западу от деревни Эрде,1996.9840746631126
630,Сумрачный бор,ФортОпустевшее селение,Восток Велена,498.2042686081475
631,Таверна (Аринбьорн),Разрушенная башня,Реданский берег Понтара к западу от поместья фон Эвереков,821.2638076848148
632,Таверна «Вечный Огонь»,Хата,К северу от Новиграда,1166.6600883971557
633,Таверна «Золотой осетр»,Иной мир иллюзия,Книга в детской комнате замка Боклера,1902.7683850084888
634,Таверна «Котел»,Лес,К северу от деревни Франколар,766.092921500062
635,Таверна «Новый Наракорт»,Таверна,Деревня Аринбьорн,1602.8493077264775
636,Таверна «Под Кудлатым Мишкой»,Хитроумная конструкция,Неизвестно,1107.7569656494218
637,Таверна Белого Сада,Корчма,Новиградские Доки,1066.3173777477311
638,Таверна в Предместьях,Таверна,Верген,1229.6173731841204
639,Таверна в Темноводье,Хитроумная конструкция,Неизвестно,67.64598166311336
640,Танцующая мельница,Хитроумная конструкция,Неизвестно,1291.1569745284135
641,Театр Ирэн Ренар,Корчма,Деревня Белый Сад,835.2760421625036
642,Темерский квартал,Таверна,Предместья,2168.9923722661956
643,Темная аллея,Таверна,Темноводье,1371.6089489019373
644,Темноводье,Мельница,К востоку от Пасеки Майерсдорфов,2017.9005816635326
645,Тенгельстранд,Театр,К югу от Площади Иерарха,1561.0848381989458
646,Тесхам Мутна,Лагерь,Неизвестно,684.4871536768579
647,Тихая Деревня,Рынок,Старая Вызима,2472.28054743329
648,Тихий берег,Деревня,Неизвестно,56.09613799208712
649,Торговый лагерь Скоя’таэлей,Остров,К востоку от Ард Скеллига,1039.5775560823322
650,Тракт Кимбольта,Руины,Леса Кароберты,2426.6735567322366
651,Трактир «Песий хвост»,Хитроумная конструкция,Неизвестно,1742.0921244509968
652,Трактир Флотзама,Местность,Долина Сансретура,108.01456290143952
653,Треснувший кувшин,Лагерь,Новиградская пуща,158.48116982937088
654,Третогорские ворота,Дорога,Юго-восток Велена,931.8284249289375
655,Трогир,Трактир,Лисьи Ямы,2069.943968919451
656,Тролльский мост,Таверна,Флотзам,1997.454471147379
657,Трупная чаща,Хитроумная конструкция,Неизвестно,198.3243836520382
658,Туннель Основателей,Ворота,Новиград,882.6593889165257
659,Турнирные поля,Хитроумная конструкция,Неизвестно,622.5050143423449
660,Туссентская темница,Мост,К юго-востоку от Врониц,1228.5868407974767
661,Туссентские алтари,Лес,К востоку от деревни Эрде,572.6594103328079
662,Туфо,Шахта,Неизвестно,2218.9133235681597
663,Тюремная барка,Поля,Долина Сансретура к северу от Боклера,454.1034000699845
664,Тюрьма Вергена,Тюрьма,Пойма Сансретура к востоку от Боклера,1506.6914943735487
665,Тюрьма Вызимы,Алтари,Неизвестно,1429.1165699799737
666,Тюрьма Дейра,Винодельня,Пойма Сансретура к северу от Фловива,1293.277064064615
667,У пройдохи лиса,Барка,Флотзам,1518.0352348544466
668,Убежище Агнес из Гланвилля,Хитроумная конструкция,Верген,2257.202300484055
669,Убежище Иорвета,Тюрьма,Храмовый квартал,449.718079680895
670,Убежище похитителей,Тюрьма,Оксенфурт,1249.877165167906
671,Убежище Радовида,Хитроумная конструкция,Неизвестно,1803.5608080596862
672,Убежище Саламандр в закрытой зоне,Гробница,Пещера беженцев,654.517697713331
673,Убежище Саламандр в Канализации,Пещера,Леса Флотзама,1438.2884643037282
674,Убежище Саламандр в Предместьях,Убежище,Храмовый квартал,2.1082587904350247
675,Убежище скоя'таэлей,Убежище,Купеческий квартал,1414.7341222822718
676,Убежище суккуба,Убежище,Купеческий квартал,2379.1860663936645
677,Убежище темерских партизан,Убежище,Канализация Вызимы,559.2691255129464
678,Убежище Убийц королей,Хитроумная конструкция,Неизвестно,959.5258849636484
679,Угодья Монахов,Хитроумная конструкция,Неизвестно,1395.9476009336522
680,Уединённая хижина,Пещера-землянка,Сожженная деревня,387.1074266309024
681,Укрытие Балтимора,Ущелье,К северо-востоку от Оксенфурта,1870.217867421821
682,Усадьба Гарин,Убежище,Неизвестно,322.58184584050775
683,Усадьба Мольдави,Деревня,К юго-западу от Кридама,551.8306619558181
684,Ущелье Монахов,Хитроумная конструкция,К западу от Покинутой башни,593.777791164579
685,Ущелья,Тайная комната,Окрестности Вергена,1848.8410976392895
686,Фамильный склеп фон Эвереков,Усадьба,Реданский берег Понтара к западу от Броновиц,178.4104905595807
687,Фареры,Усадьба,К востоку от Новиграда,2416.6817327116664
688,Ферма Вильдервертов,Ущелье,Неизвестно,636.8875882137584
689,Флотзам,Ущелье,Неизвестно,1764.3609442063632
690,Форт Белого Орла,Склеп,Юго-восточная часть поместья фон Эвереков,87.90374048051636
691,Форт Гримдьяр,Остров,К юго-востоку от Ард Скеллига,2208.851286144132
692,Хата в лесу,Ферма,Неизвестно,1914.41779196978
693,Хата Дядьки Почастника,Город,Темерия,1385.5598049716548
694,Хата лодочных мастеров,Укрепления,Южный берег Понтара напротив Оксенфурта,639.2070905403771
695,Хата на окраине,Руины форта,К юго-западу от Фирсдаля Ард Скеллиг,673.8095906184464
696,Хата над обрывом,Дом,К северо-западу от Подлесья,894.0768015392489
697,Хата у озера,Хижина,Драконья долина,744.46859719733
698,Хен Гайдт,Опустевшее селение,Велен - Ничейная земля,1661.2331002376077
699,Хижина бандитов,Дом,В востоку от Новиграда,1685.2101516792236
700,Хижина Васки,Заброшенный дом,Окрестности Каэдвенского лагеря,344.7435735787649
701,Хижина Вдохновенного,Хата,Долина Каэр Морхен,1628.4742909582012
702,Хижина дровосеков,Пещера,Южный берег Сид Ллигад,1931.653231398887
703,Хижина знахарки,Хижина,Леса Флотзама,1635.6606793280532
704,Хижина Кейры Мец,Хижина,Деревня кирпичников,1654.4842194098321
705,Хижина Короля-Рыбака,Дом,Неизвестно,1591.555016166
706,Хижина отшельника,Хижина,Новиградская пуща,2060.316585950905
707,Хижина травника,Дом,Темноводье,2063.431188890767
708,Хижина травника (Склоны Горгоны),Хата,К северо-востоку от Подлесья,1486.2684081022653
709,Хижина Эльтона,Хижина,Берег Озера,1557.2058986851164
710,Хиндарсфьялл,Хитроумная конструкция,Неизвестно,2138.982081855078
711,Хозяйство Базан,Дом,К востоку от Оксенфурта,1038.6779068542448
712,Хозяйство Геленсеров,Хата,Склоны Горгоны,1914.4240131312092
713,Холмы Буковины,Бревенчатый дом,Окрестности Вергена дорога к Каменоломне,1323.6239850530578
714,Холмы Дун Тынне,Остров,К востоку от Ард Скеллига,2114.1401007910217
715,Холмы рододендронов,ХуторОпустевшее селение,Пустоши северный берег Овечьего пруда,1242.4418393502053
716,Храм Вечного Огня,Ферма,К юго-востоку от Боклера,998.2587046696098
717,Храм Дагона,Местность,К востоку от Новиграда,1652.2420162378683
718,Храм Мелитэле (Лирия),Холмы,К юго-востоку от Дун Тынне,638.4984974469518
719,Храм Фрейи,Холм,Склоны Горгоны,1540.8847784320978
720,Храмовый квартал,Храм,Храмовый остров,417.73157970478815
721,Храмовый остров,Храм,Отмель,2023.0096255978424
722,Хромоножка Катарина,ХрамМонастырь,К востоку от Орлиного ручья,2299.568286345016
723,Хутор "Золотой колос",Храм,Хиндарсфьялл,2440.2763153782485
724,Часовня в Предместьях,Район,Вызима,26.825420573608483
725,Часовня Вечного Огня,Район городаОстров,Север Новиграда,1460.3123239898719
726,Черная академия,Бордель,Путь Славы,616.2433269941974
727,Черная Впадина,Хутор,К северу от Оксенфурта,256.09821946881914
728,Чертова Башня,Часовня,Неизвестно,282.50244226597636
729,Чертовы Ворота,Часовня,Предместья Новиграда,1553.2199347167702
730,Четыре Лика Хеймдалля,Хитроумная конструкция,Каналы под Лок Муинне,872.1600250578975
731,Четыре мельницы,ПещераСвятилище,Левый берег Сид Ллигад,882.8843957638419
732,Шалфей и Розмарин,Замок,Неизвестно,709.3127483433273
733,Шатер Сабрины,Горный перевал,Пустоши,222.6780704600881
734,Шато Саррасин,Алтарь,Фареры,1657.8781205141454
735,Шато Фрэш,Мельницы,Долина Сансретура,1198.6200985696025
736,Шахматный клуб,Кабаре,Путь Славы Новиград,2398.5840516408125
737,Шахта Вергена,Шатер,Долина Каэр Морхен,1510.6368293683668
738,Шахта у Каэр Морхена,Винодельня,К северу от Новиграда,2325.8280923935113
739,Школа Марабеллы,Винокурня,К востоку от Новиграда,2295.168079722469
740,Штаб командования,Шахматный клуб,Оксенфурт,565.3876055183957
741,Штаб Тесака,Шахта,Неизвестно,129.82805400809954
742,Эйла Тар,Хитроумная конструкция,Неизвестно,1961.6497836132323
743,Эльфийская пещера,Школа,Площадь Бедняков,1520.8804112067116
744,Эльфийские руины (Ведьмак),Сооружение,Походный лагерь Мэвы,6.816629822656017
745,Эст Тайяр,Сооружение,Походный лагерь Мэвы,1999.9957905826514
746,Этнир,Сооружение,Походный лагерь Мэвы,1276.7391395425411
747,Ювелирная мастерская Шуттенбаха,Штаб бандитов,К западу от Рынка на площади Иерарха,988.7289175622424
748,Южная пещера Предместий,Корабль,Ущелья,1142.8756572569448
749,Южные ворота,Пещера,Неизвестно,103.29729445370222
750,Явина,Руины,Восточная часть вызимских каналов,631.7460617737139
751,Ядоватый вылом,Эльфские руины,К северо-востоку от Оксенфурта,531.5252925798598
752,Ядовитые скалы,Руины,Север Ард Скеллига,245.82420603367544
753,Берег Озера (строение 2),Ювелирная мастерская,Золотой город,1473.3670350139237
754,Килкеринн (строение 2),Пещера,Неизвестно,1778.761194004711
755,Дом Могилы (строение 2),Ворота,Юго-восток Новиграда,693.766472300261
756,Золотой город (строение 2),Река,К западу от столицы ЛирииАэдирн (?),1227.778477876649
757,Дорога на Клык Ингвара (строение 2),Пещера,К юго-востоку от Сторожки охотника,948.5704478527499
758,Деревня Ферлунд (строение 2),Холмы,Север Долины Сансретура,209.11315587922473
759,Деревня Рогни (строение 2),Хитроумная конструкция,Неизвестно,1191.1228718871441
760,Долина Девяти (строение 2),Руины,К северу от Трупной чащи,867.7411516497127
761,Дорога на Клык Ингвара (строение 2),Дом,Храмовый квартал,111.64917002885133
762,Канатчиковые ворота (строение 2),Район города,Северо-восток Новиграда,1253.8671450088873
763,Кладбище у Лофотена (строение 2),Горная дорога,Ан Скеллиг,427.2342934674422
764,Деревня Клыки (строение 2),Деревня,Ард Скеллиг,679.3326239363872
765,Бордель Флотзама (строение 2),Деревня,Ард Скеллиг,2210.497100972764
766,Килкеринн (строение 2),Долина,Пойма Сансретура,749.6596057739077
767,Главная деревня (строение 2),Горная дорога,Ан Скеллиг,67.49704759695912
768,Длинный мост (строение 2),Хитроумная конструкция,Неизвестно,2389.4463526313434
769,Дом Таулера (строение 2),Кладбище,Хиндарсфьялл к югу от Лофотена,349.17692437425455
770,Ветряная мельница Дульсинеи (строение 2),Разрушенная деревня,Запад Велена,1189.8628380656373
771,Дом Сальмы (строение 2),Бордель,Неизвестно,1413.7226485238446
772,Каменоломня Ардаизо (строение 2),Руины,К северу от Трупной чащи,1348.1589487659753
773,Ийсгит (строение 2),Деревня,Неизвестно,1065.6496070217559
774,Верген (строение 2),Мост,Карбон,42.70921479377632
775,Заброшенная бочарня (строение 2),Дом,Золотой город,2055.0930515615487
776,Длинный мост (строение 2),Мельница,Долина Сансретура к северу от «Куролиска»,2011.3189097124948
777,Ворота в Старую Вызиму (строение 2),Дом,Квартал красных фонарей,1123.8402178114645
778,Деревня Ферлунд (строение 2),Каменоломня,Пустоши к юго-западу от Монкрана,1221.7237968619036
779,Tedd Deireadh (строение 2),Область,Ангрен Яруга,1461.3656773035511
780,Имение Ронневиль (строение 2),Город,Долина Понтара,424.9085214129389
781,Деревня Подлесье (строение 2),Бочарня,Леса Кароберты,2038.3127415415518
782,Застенье (строение 2),Мост,Карбон,1735.1456874258784
783,Изысканный салон (строение 2),Ворота,Дамба Вызимы,860.5351995421992
784,Дом Трисс в Обрезках (строение 2),Деревня,Ард Скеллиг,1756.4134943549104
785,Деревня Клыки (строение 2),Хитроумная конструкция,Другой мир,2300.6339428110514
786,Катакомбы Старой Усадьбы (строение 2),УсадьбаОпустевшее селение,Виноградник Ортенз,1939.699306505251
787,Кладбище у Лофотена (строение 2),Деревня,К юго-западу от Врониц,1419.0634283268653
788,Боклерский дворец (строение 2),Район города,Юг Новиграда,412.68592067903734
789,Гнилая Роща (строение 2),Цирюльня,Сиротки Боклер,448.3297029278979
790,Деревня Стахировка (строение 2),Дом,Обрезки,1424.3155248705186
791,Доки в Новиграде (строение 2),Разрушенная деревня,Запад Велена,690.7340835647547
792,Деревня Сворлаг (строение 2),Хитроумная конструкция,Неизвестно,209.41683472793488
793,Ворота мельника (строение 2),Кладбище,Хиндарсфьялл к югу от Лофотена,1164.6438948670282
794,Категория:Иные миры (строение 2),Дворец,Боклер Туссент,1403.6473844842187
795,Дуэн Хен (строение 2),Район города,Квартал красных фонарей Новиград,1611.4900740430317
796,Деревня Доброво (строение 2),ДеревняОпустевшее селение,Драконья долина,160.75011899206294
797,Деревня Бландаре (строение 2),Порт,Юго-запад Новиграда,549.4909003069026
798,Дом Трисс (строение 2),Деревня,Спикероог,601.4059943476464
799,Корчма «Гусиная гузка» (строение 2),Ворота,Неизвестно,1062.3534591882117
800,Замок Ла Валетт (строение 2),Хитроумная конструкция,Неизвестно,1536.8069285545
801,Каналы Оксенфурта (строение 2),Святилище,Юго-восток Велена,2258.8059625019073
802,Кастель Ровелло (строение 2),Деревня,К югу от Врониц,321.0287021664557
803,Залив ветров (строение 2),Деревня,Ард Скеллиг,2360.0948698161096
804,Застенное кладбище (строение 2),Дом,Площадь Иерарха,1740.5599206512582
805,Велен (строение 2),Таверна,К югу от Новиграда,2336.883186148021
806,Дом Маркграфа Хенкеля (строение 2),Замок,Неизвестно,1783.4370105666421
807,Крепость Торгейра Красного (строение 2),Канализация,Оксенфурт,2374.8021326442927
808,Гнилая Роща (строение 2),Усадьба,Долина Сансретура к западу от Верментино,257.3142987657398
809,Градова гора (строение 2),Залив,Ан Скеллиг,1457.137157549371
810,Долина Ведетте (строение 2),Кладбище,Сиротки у южных стен Боклера,2281.8260495163095
811,Деревня Сунд (строение 2),Провинция,Северо-запад Темерии,1349.2415104544086
812,Долина Ведетте (строение 2),Дом,Новиград,2129.2885806138524
813,Дом Талера (строение 2),Руины,Гора Ардварк,515.6927836529535
814,Корчма «Новый порт» (строение 2),Район города,Квартал красных фонарей Новиград,192.17900212304488
815,Деревня Карстен (строение 2),Гора,Ард Скеллиг,202.8340394696662
816,Деревня Дички (строение 2),Долина,Север Туссента,82.48464062334953
817,Горький сад (строение 2),Деревня,Ард Скеллиг,1459.7249919868405
818,Деревня Залипье (строение 2),Долина,Север Туссента,1580.448844150304
819,Деревня Большие Сучья (строение 2),Дом,Храмовый квартал,1458.3440394827628
820,Западные ворота (строение 2),Таверна,Порт у Каэр Трольде,2237.779402516795
821,Замок Тузлы (строение 2),Деревня,Неизвестно,1145.1197608349878
822,Кастель Ровелло (строение 2),Деревня,К югу от храма Мелитэле,611.0884754285345
823,Ардварк (строение 2),Опустевшее селение,К юго-западу от Луковца,996.9309459471426
824,Канатчиковые ворота (строение 2),Деревня,К востоку от Врониц,1000.61343427261
825,«Книги и свитки» (строение 2),Деревня,К западу от Врониц,1479.1209974642927
826,База Саламандр (строение 2),Ворота,Оксенфурт,2198.5117497182623
827,Категория:Иные миры (строение 2),Замок,Юго-восток Ангрена на границе с Ийсгитом,388.0802348941606
828,Изысканный салон (строение 2),Усадьба,Долина Сансретура к западу от Верментино,541.4859213462559
829,Канализация Новиграда (строение 2),Гора,Ан Скеллиг,1618.7560467372464
830,Багряная роща (строение 2),Хитроумная конструкция,Неизвестно,1386.7826902214028
831,Врата Восходящего Солнца (строение 2),Книжная лавка,Рынок на площади Иерарха,977.4912205988905
832,Деревня кирпичников (строение 2),Хитроумная конструкция,Неизвестно,109.60863292250878
833,Деревня Рудник (строение 2),Хитроумная конструкция,Неизвестно,164.29020522703675
834,Жилище Ольшана (строение 2),Цирюльня,Сиротки Боклер,2494.875897088911
835,Квартал Нелюдей (строение 2),Канализация,Под улицами города,64.10475999938076
836,Госпиталь Вильмериуса (строение 2),Роща,Неизвестно,556.360634378108
837,Деревня Лофотен (строение 2),Ворота,Верхний город Боклер,1994.63691529388
838,Деревня Аринбьорн (строение 2),Хитроумная конструкция,Неизвестно,374.37932321933073
839,Золотой сток (строение 2),Деревня,Северный берег Моречка,1486.597418978563
840,Аллея висельников (строение 2),Дом,Неизвестно,1435.6732585697541
841,Замок Арнскрон (строение 2),Район,Храмовый квартал,937.9974016627748
842,Жилище Ольшана (строение 2),Госпиталь,Обрезки Новиград,848.9387980897095
843,Каменный круг (строение 2),Деревня,Хиндарсфьялл,1580.5927752833795
844,Деревня Харвикен (строение 2),Деревня,Ард Скеллиг,328.2055323463309
845,Дом детектива (строение 2),Город,Неизвестно,1493.3778953652252
846,Грань Бороса (строение 2),Дорога,К западу от Больших Сучьев,1239.0372242789424
847,Доки в Новиграде (строение 2),Руины,Трупная чаща,1479.5073089459202
848,Башка тролля (строение 2),Дом,Неизвестно,582.664025263031
849,Безопасный приют (Храмовый квартал) (строение 2),Круг,Ард Скеллиг,1120.0753457958365
850,Журавлиный мыс (строение 2),Деревня,Фаро,2152.1986997116223
851,Бордель Флотзама (строение 2),Дом,Храмовый квартал,2265.165632256571
852,Аллея висельников (строение 2),Город руины,Запад Махакамского перевала,1428.9388715355128
853,Грань Бороса (строение 2),Порт,Юго-запад Новиграда,2373.035689398717
854,Каэр Ду (строение 2),Гора,К северу от Каэр Морхена,1756.1493598165523
855,Высокий мост (строение 2),Хитроумная конструкция,Неизвестно,154.35278119407593
856,Волчье урочище (строение 2),Мыс,К северу от Новиграда,1344.4322270875803
857,Ийсгит (строение 2),Бордель,Неизвестно,495.6181594881129
858,Деревня Урстен (строение 2),Дорога,К западу от Больших Сучьев,2243.8624045136517
859,Краснолюдские катакомбы (строение 2),Город руины,Запад Махакамского перевала,1727.695477404914
860,Бабий Дол (строение 2),Руины крепости,Долина под Форнхалой,1868.8339458619364
861,Деревня Франколар (строение 2),Город,К юго-востоку от Грани Бороса,1654.6909779135817
862,Водный мир (строение 2),Святилище,К северу от Врониц,2192.6079270414416
863,Каналы Оксенфурта (строение 2),Область,Ангрен Яруга,494.1859185893066
864,Деревня Доброво (строение 2),Деревня,Неизвестно,1810.8643625846357
865,Большая топь (строение 2),Захоронение,Окрестности Вергена,2198.0129387345514
866,Дом Цезаря Бильзена (строение 2),Посёлок,К юго-востоку от Грани Бороса,796.9641600592148
867,Застенье (строение 2),Деревня,Леса Кароберты к юго-востоку от Боклера,976.8940159301942
868,Коломница (строение 2),Хитроумная конструкция,Другой мир,560.3470410754305
869,Кладбище на болотах (строение 2),Канализация,Оксенфурт,2171.622741955559
870,Кастельдаччия (строение 2),Деревня,К югу от Врониц,779.3093426862526
871,Замок Драхим (строение 2),Область,Юг Велена,889.5354772133649
872,Деревня Залипье (строение 2),Дом,Площадь Иерарха,926.9347409917342
873,Жилище Филиппы Эйльхарт (строение 2),Район города,Юг Новиграда,2040.083729497584
874,Деревня Доброво (строение 2),Остров,Озеро Моречко,2032.8317788956597
875,Ворота иерархов (строение 2),Хитроумная конструкция,Неизвестно,2402.294644526112
876,Бастион (строение 2),Усадьба,Пустоши к востоку от Фловива,1533.7714203489134
877,Дом ведьмака (строение 2),Разрушенный замок,К югу от Новиграда,1051.2985351538232
878,Дол Ду Локке (строение 2),Деревня,К востоку от Врониц,1646.6537728714773
879,Вилла Ведетте (строение 2),Жилище чародейки,Верген,1822.6097254872934
880,Замок Трех Отцов (строение 2),Жилище чародейки,Лок Муинне,393.61605525612964
881,Велен (строение 2),Деревня,К югу от Врониц,2372.768792375703
882,Корво Бьянко (строение 2),Ворота,Юг Новиграда,152.27185463083381
883,Башка тролля (строение 2),Форт,Долина Каэр Морхен,411.72388522460494
884,Крематорий (строение 2),Дом,Неизвестно,2266.8730550137802
885,Катакомбы Старой Усадьбы (строение 2),Долина,Неизвестно,368.7263925290271
886,Деревня Альнесс (строение 2),Заброшенная усадьба,Долина Ведетте к востоку от дворца Галлион,748.3451831220989
887,Аллея висельников (строение 2),Замковый комплекс,Южная часть Вергена,521.3525729543106
888,Деревня Штейгеры (строение 2),Провинция,Северо-запад Темерии,1169.625962355919
889,Дом детектива (строение 2),Усадьба,Долина Сансретура Туссент,1190.4472480717936
890,Деревня Харвикен (строение 2),Гора,К северу от Каэр Морхена,1655.407070830531
891,Деревня Аретт (строение 2),Крематорий,К востоку от Оксенфуртских ворот,1370.2113323448111
892,Каэр Морхен (строение 2),Хитроумная конструкция,Неизвестно,891.7116472311942
893,Безопасный приют (Храмовый квартал) (строение 2),Деревня,Золотые поля,995.2768782519158
894,Дом Трисс в Обрезках (строение 2),Дорога,К западу от Больших Сучьев,2098.028760375892
895,Каэр Ду (строение 2),Деревня,Севернее Кривоуховых топей,841.4530050560456
896,Деревня Ферлунд (строение 2),Дом,Храмовый квартал,848.6749617880951
897,Ветряная мельница Дульсинеи (строение 2),Деревня,Фаро,1567.654313433098
898,Деревня Клыки (строение 2),Деревня,Застенье,199.30700289496866
899,Дьяволова яма (строение 2),Крепость,Долина Каэр Морхен,1290.80412434537
900,Грот (Ард Скеллиг) (строение 2),Крепость,Север Синих Гор,156.03706907900778
901,Катакомбы Старой Усадьбы (строение 2),Хитроумная конструкция,Неизвестно,1450.579814387289
902,Дом Сары (строение 2),Дом,Обрезки,142.72162150230028
903,Альдерсберг (строение 2),Руины крепости,Долина под Форнхалой,325.25899397428867
904,Деревня Урскар (строение 2),Деревня,Ард Скеллиг,2092.960266328065
905,Бондарь (строение 2),Мельница,Долина Сансретура к северу от «Куролиска»,942.9179781445088
906,Берег погибших кораблей (строение 2),Разрушенная деревня,Запад Велена,2019.468449124619
907,Винный рынок (строение 2),Лагерь бандитов,Близ Дерева висельников,1371.6688159143453
908,«Лис-Хитролис» (строение 2),Пещера,Ард Скеллиг,476.1693403029488
909,Замок Тузлы (строение 2),Хитроумная конструкция,Неизвестно,2348.545805852878
910,Дом Селины (строение 2),Дом,К югу от Площади Иерарха,2443.544370542794
911,Застенье (строение 2),Город,Неизвестно,2301.921874655187
912,Кладбище големов (строение 2),Разрушенная деревня,Ундвик,872.1521005088204
913,Алтарь Вейопатиса (строение 2),Город,Неизвестно,1052.9312511399116
914,Башня палача (строение 2),Побережье,Запад Велена,2302.1041836201707
915,Категория:Иные миры (строение 2),Рынок,Сан-Себастьян Боклер,1812.5946313194866
916,Деревня Клыки (строение 2),Таверна,Боклер,1731.8517372776475
917,Виноградник Ортенз (строение 2),Замок,Юго-восток Ангрена на границе с Ийсгитом,802.2253817366395
918,Застенье (строение 2),Дом,Темноводье,2072.204265848245
919,Бордель «Горячие бёдра» (строение 2),Район города,Юг Новиграда,1942.3480131105687
920,Деревня Ферлунд (строение 2),Хитроумная конструкция,Неизвестно,1771.5617775426917
921,Бастой (строение 2),Статуя,Леса Флотзама,721.6490317334659
922,Дом Шани (строение 2),Башня,Старая Вызима,1709.4712781479006
923,Деревня Фловив (строение 2),Хитроумная конструкция,Неизвестно,1626.690386342585
924,Замок Ривия (строение 2),Разрушенная деревня,Запад Велена,1826.300954158844
925,Деревня Рудник (строение 2),Винодельня,К югу от Боклера,127.30223335031681
926,Бабий Дол (строение 2),Район города,Юг Новиграда,1562.036723223577
927,Волчье урочище (строение 2),Хитроумная конструкция,Неизвестно,2262.425076720056
928,Казино Ублюдка Младшего (строение 2),Деревня,Ард Скеллиг,1174.4112336547228
929,Кладбище китов (строение 2),Руины,Склоны Горгоны к западу от озера Селяви,102.47874559287689
930,Дворец Пробуждения (строение 2),Дом,Храмовый квартал,1149.8584313505125
931,Крепость Торгейра Красного (строение 2),Деревня,Пойма Сансретура к востоку от Боклера,691.3133362614582
932,Деревня Лофотен (строение 2),Замок,Ривия Лирия и Ривия,2120.9763613392447
933,Каналы Оксенфурта (строение 2),Деревня,Северный берег Моречка,833.9095738936761
934,Дом Голана Вивальди (строение 2),Посёлок,К юго-востоку от Грани Бороса,2146.9116425079296
935,Изысканный салон (строение 2),Святилище,К северу от Врониц,1774.463045430187
936,Деревня Квальхейм (строение 2),Игорный притон,Обрезки,553.1927574625189
937,Деревня Черминь (строение 2),Побережье,Ард Скеллиг,1649.1740344325478
938,Башка тролля (строение 2),Дворец,Тир на Лиа,365.669138369219
939,Дорога сладостей (строение 2),Руины,Гора Ардварк,1353.8865543996
940,База охотников за колдуньями (строение 2),Деревня,Хиндарсфьялл,383.352042462696
941,Квартал Нелюдей (строение 2),Канализация,Оксенфурт,684.2035262054922
942,Золотой город (строение 2),Хитроумная конструкция,Неизвестно,164.6294438326898
943,Дом Калькштейна (строение 2),Цирюльня,Сиротки Боклер,914.1966429601198
944,Дорога сладостей (строение 2),ДеревняЛагерь бандитов,Ард Скеллиг,154.47835634802732
945,Волчье урочище (строение 2),ДеревняОпустевшее селение,К югу от деревни Стёжки,67.10659418427412
946,Драконья долина (строение 2),Гора,К северу от Каэр Морхена,1769.5505016462635
947,Долина Ведетте (строение 2),Дорога,Кривоуховы топи,937.3853648386215
948,Журавлиный мыс (строение 2),Казармы,Доки в Новиграде,193.14412571463657
949,Дорога на Клык Ингвара (строение 2),Район,Храмовый квартал,2163.7932140018033
950,Временная кузница (строение 2),Район города,Северо-восток Новиграда,1865.0265045274427
951,Жилище Филиппы Эйльхарт (строение 2),Хитроумная конструкция,Неизвестно,995.832809165105
952,Каналы под Лок Муинне (строение 2),Дорога,Кривоуховы топи,1719.9529320233937
953,Ингдален (строение 2),Святилище,К северу от Врониц,1941.1392591954577
954,Заброшенный склад (строение 2),Долина,К северо-востоку от Оксенфурта,808.2155632310697
955,Ан Скеллиг (строение 2),Долина,Север Туссента,1410.864279911875
956,Ивица (строение 2),Мыс,К северу от Новиграда,1009.8326657519441
957,Корчма «Под бочкой и шпунтом» (строение 2),Горная дорога,Ан Скеллиг,580.2141028163682
958,Корчма «Алхимия» (строение 2),Кузница,Неизвестно,563.6089326942381
959,Загадочный мир (строение 2),Жилище чародейки,Верген,1710.7212836754957
960,Корчма «На распутье» (строение 2),Жилище чародейки,Лок Муинне,2460.4904192268446
961,Загадочный мир (строение 2),Канализация,Лок Муинне,1120.542649939163
962,Деревня Клыки (строение 2),Остров,К северу от Хиндарсфьялла,2013.9516535209668
963,Королевский квартал (строение 2),Склад,Леса Кароберты к востоку от Тесхам Мутна,1778.4521857496945
964,Жилище Филиппы Эйльхарт (строение 2),Остров,К северо-востоку от Ард Скеллига и Спикероога,2373.21913309581
965,Грот Альбертуса (строение 2),Деревня,Неизвестно,1183.577235538839
966,Каэр Ду (строение 2),Корчма,Деревня Фловив,2470.9159006370332
967,Ардварк (строение 2),Корчма,Оксенфурт,693.0029076150893
968,Tor Gvalch'ca (строение 2),Хитроумная конструкция,Другой мир,553.5381610772661
969,Ворота иерархов (строение 2),Корчма,К северу от Врониц,476.4508394079134
970,Канализация Новиграда (строение 2),Хитроумная конструкция,Другой мир,1496.7553490504768
971,Деревня Рудник (строение 2),Разрушенная деревня,Запад Велена,962.8553411368521
972,«Лис-Хитролис» (строение 2),Район города,Север Вызимы,40.333340746139534
973,Бастой (строение 2),Жилище чародейки,Верген,2002.5532037330756
974,Большая топь (строение 2),Жилище чародейки,Лок Муинне,1218.6104910194865
975,Деревня Хов (строение 2),Пещера,Склоны Горгоны,182.96586886434346
976,Королевский замок в Вызиме (строение 2),Руины крепости,Долина под Форнхалой,282.7031138377789
977,Канализация Новиграда (строение 2),Гора,Ан Скеллиг,1070.5113588076267
978,Дом кузнеца (строение 2),Башня,Северо-западная оконечность Ундвика,346.67086306213986
979,Деревня Стахировка (строение 2),Ворота,Юг Новиграда,409.6280028523733
980,Застенье (строение 2),Канализация,Под улицами города,877.094675945275
981,Каштановый берег (строение 2),Деревня,Северный берег Моречка,783.9941133023343
982,Долина Понтара (строение 2),Таверна,Боклер,787.1743265351089
983,Вызима (строение 2),Руины,Склоны Горгоны к западу от озера Селяви,1080.986509312283
984,Долина Понтара (строение 2),Область,Юг Велена,1431.9882527248908
985,Заброшенная винокурня (строение 2),Деревня,Спикероог,731.2417985339256
986,Гробница семьи Броссардов (строение 2),Замок,Королевский квартал Вызима,1762.7501570798918
987,Килкеринн (строение 2),Замок,Королевский квартал,633.6192625570606
988,Дом Голана Вивальди (строение 2),Замок,Темерия,217.43070110770395
989,Багряная роща (строение 2),Канализация,Под улицами города,1252.817580048217
990,Градова гора (строение 2),Дом,Темноводье,689.5357935868179
991,Волчье урочище (строение 2),ДеревняОпустевшее селение,Драконья долина,218.63556035310538
992,Журавлиный остров (строение 2),Район города,Юг Новиграда,2049.522695201464
993,Заброшенные хижины (Предместья) (строение 2),Пристань,Долина Сансретура,628.7948455431102
994,Дом Могилы (строение 2),Долина,Между реками Понтар и Дыфня,1524.6861247597085
995,Военная академия им. Маркуса Брайбанта (строение 2),Столица,Озеро Вызима,1514.1593808880782
996,Деревня Глинник (строение 2),Долина,Между реками Понтар и Дыфня,343.98844102881463
997,Игла Улулы (строение 2),Винокурня,Пустоши,1201.0998317604638
998,Винный рынок (строение 2),Кладбище,Неизвестно,1420.226496162491
999,Дом Трисс Меригольд (строение 2),Руины,К северу от Трупной чащи,1662.3556544224039
1000,Грязищи (строение 2),Хитроумная конструкция,Неизвестно,1191.4604645169654
1001,Блокпост Ордена (строение 2),Роща,Неизвестно,5.081247441889314
1002,Бочарные ворота (строение 2),Гора,Ард Скеллиг,520.3228774308683
1003,Аллея висельников (строение 2),Святилище,К северу от Врониц,1156.6482481327353
1004,Канализация Новиграда (строение 2),Остров,Пойма Сансретура,287.3612665189071
1005,Ворота в Старую Вызиму (строение 2),Дома,Неизвестно,1704.6897387692322
1006,Корчма «Новый порт» (строение 2),Дом,Храмовый квартал,1744.0157852810435
1007,Канализация Вызимы (строение 2),Учебное заведение,Нильфгаард,1813.6615331082332
1008,Верментино (строение 2),Деревня,К югу от Врониц,2417.8617082091064
1009,Ворота иерархов (строение 2),Остров,Близ южного берега Спикероога,654.3350932455791
1010,Каэр Ду (строение 2),Рынок,Сан-Себастьян Боклер,2377.8845659441185
1011,Килкеринн (строение 2),Дом,Купеческий квартал,1858.727284253622
1012,Дом кузнеца (строение 2),Область,Север Велена,739.6396035685896
1013,Деревня Эрде (строение 2),Пост,Храмовый квартал,2039.5800792089885
1014,Западные ворота (строение 2),Ворота,Верхний город,689.2660310199708
1015,Деревня Сунд (строение 2),Дорога,К западу от Больших Сучьев,136.1138394496697
1016,Дом детектива (строение 2),Канализация,Под улицами города,2185.927806097573
1017,Короната (строение 2),Ворота,Дамба Вызимы,1583.5892403408793
1018,Дол Ду Локке (строение 2),Таверна,Порт у Каэр Трольде,970.6118524451263
1019,Ворота славы (строение 2),Канализация,Неизвестно,280.2835145467342
1020,Бочарня на склонах (строение 2),Усадьба,Долина Сансретура к востоку от Кастель Ровелло,1955.3072747934493
1021,Дом Трисс Меригольд (строение 2),Ворота,Юг Новиграда,401.4859660336409
1022,Бочарные ворота (строение 2),Руины крепости,Долина под Форнхалой,646.6221207805845
1023,Бастион (строение 2),Руины,К северу от Трупной чащи,1274.5207833273798
1024,Гавань (строение 2),Дом,Темноводье,2163.364152596887
1025,Вызима (строение 2),Деревня,Драконья долина Редания,1458.85310458466
1026,Каэр Трольде (строение 2),Ворота,Оксенфурт,2394.8771375587216
1027,Дорога сладостей (строение 2),Деревня,Ард Скеллиг,379.6143300995183
1028,Деревня Доброво (строение 2),Дом,Храмовый квартал,2116.2576158245124
1029,Карбон (строение 2),Усадьба,Долина Сансретура Туссент,337.4189763037044
1030,Залив ветров (строение 2),Долина,Неизвестно,838.3146540959397
1031,Гробница Ворона (строение 2),Ворота,Юг Новиграда,1104.9490693501102
1032,Казино Ублюдка Младшего (строение 2),Поселение,Склоны Горгоны к западу от тюрьмы Бастой,1798.9006802459867
1033,Каэр Мюр (строение 2),Дом,Купеческий квартал,2427.515016566814
1034,Банк Вивальди (строение 2),Ворота,Верхний город,1607.8835636774415
1035,База охотников за колдуньями (строение 2),Форт,Долина Каэр Морхен,1474.0468111825628
1036,Дом Сальмы (строение 2),Хитроумная конструкция,Неизвестно,768.0496986909435
1037,Имение Мартина Листа (строение 2),Столица,Озеро Вызима,1128.8130022974865
1038,Госпиталь Вильмериуса (строение 2),Крепость,Скеллиге Ард Скеллиг,824.3422350670556
1039,Деревня Троттхейм (строение 2),Дорога,Кривоуховы топи,1807.6310701290301
1040,Долина Сансретура (строение 2),Деревня,К югу от Врониц,940.2553333776298
1041,Каналы под Лок Муинне (строение 2),Гора и город,Восток Махакама,1354.2671658520799
1042,Гробница семьи Броссардов (строение 2),Залив,Ан Скеллиг,177.7026541589083
1043,Крепость Гервина (строение 2),Гробница,Неизвестно,1112.1411600909187
1044,Долина Ведетте (строение 2),Игорный притон,Обрезки,722.356318763735
1045,Гробница семьи Броссардов (строение 2),Крепость,Ард Скеллиг,1003.0033569729812
1046,Гнездо чудовища (строение 2),Банк,Площадь Иерарха,2392.292735236079
1047,«Лис-Хитролис» (строение 2),Казармы,Доки в Новиграде,693.9625604558416
1048,Биндюга (строение 2),Дом,Квартал красных фонарей,182.02266698786357
1049,Военная академия им. Маркуса Брайбанта (строение 2),Усадьба,Золотые поля,1129.6350994271359
1050,Бастион (строение 2),Госпиталь,Обрезки Новиград,221.75903064259788
1051,Каэр Ниссен (строение 2),Деревня,Фареры,1305.0079991147097
1052,Дом кузнеца (строение 2),Долина,К северу от Боклера,910.5717280328467
